Megane;Renault;899.000₺;Tiptronic;Benzin;1.3 Lt;Önden Çekiş;140 Hp;Yok;Yok;17.06.2025;2022;29.352 km;Sedan;Beyaz;205 Km/h;503 Lt;Yok*;240;4;50;6.3 (Şİ) / 4.5 (ŞD);Yok*
Megane;Renault;893.000₺;Tiptronic;Benzin;1.3 Lt;Önden Çekiş;140 Hp;Yok;Yok;14.04.2025;2022;36.100 km;Sedan;Beyaz;205 Km/h;503 Lt;Yok*;240;4;50;6.3 (Şİ) / 4.5 (ŞD);Yok*;Ön Tampon:Çizik;Sağ Ön Çamurluk:Çizik;Sağ Arka Kapı:Çizik;Sağ Arka Çamurluk:Boyalı;Arka Tampon:Boyalı, Çizik;Sağ Marşpiye:Lokal Boyalı"
Clio;Renault;868.000₺;Otomatik;Benzin;1 Lt;Önden Çekiş;90 Hp;Yok;Yok;8.04.2025;2022;37.190 km;Hatchback;Beyaz;175 Km/h;391 Lt;Yok*;142;3;42;6 (Şİ) / 4.4 (ŞD);Yok*;Ön Tampon:Çizik;Arka Tampon:Çizik
Clio;Renault;849.900₺;Otomatik;Benzin;1 Lt;Önden Çekiş;90 Hp;Yok;Yok;14.05.2025;2022;14.621 km;Hatchback;Beyaz;175 Km/h;391 Lt;Yok*;142;3;42;6 (Şİ) / 4.4 (ŞD);Yok*
Clio;Renault;840.000₺;Otomatik;Benzin;1 Lt;Önden Çekiş;90 Hp;Yok;Yok;29.09.2025;2022;12.705 km;Hatchback;Beyaz;175 Km/h;391 Lt;Yok*;142;3;42;6 (Şİ) / 4.4 (ŞD);Yok*;Bagaj:Ezik
Clio;Renault;830.000₺;Otomatik;Benzin;1 Lt;Önden Çekiş;90 Hp;Yok;Yok;8.04.2025;2022;17.545 km;Hatchback;Beyaz;175 Km/h;391 Lt;Yok*;142;3;42;6 (Şİ) / 4.4 (ŞD);Yok*
Clio;Renault;815.000₺;Otomatik;Benzin;1 Lt;Önden Çekiş;90 Hp;Yok;Yok;21.04.2025;2022;38.900 km;Hatchback;Cosmos Mavi;175 Km/h;391 Lt;Yok*;142;3;42;6 (Şİ) / 4.4 (ŞD);Yok*;Sağ Marşpiye:Boyalı
Taliant;Renault;800.000₺;Otomatik;Benzin;1 Lt;Önden Çekiş;90 Hp;Yok;Yok;9.06.2025;2022;35.486 km;Sedan;Beyaz;169 Km/h;628 Lt;Yok*;142;3;50;0 (Şİ) / 0 (ŞD);Yok*;Ön Tampon:Çizik;Sağ Arka Çamurluk:Çizik;Arka Tampon:Çizik;Bagaj:Çizik
Clio;Renault;799.000₺;Otomatik;Benzin;1 Lt;Önden Çekiş;90 Hp;Yok;Yok;16.06.2025;2022;30.559 km;Hatchback;Beyaz;175 Km/h;391 Lt;Yok*;142;3;42;6 (Şİ) / 4.4 (ŞD);Yok*;Ön Tampon:Boyalı;Arka Tampon:Boyalı;Sağ Marşpiye:Ezik
Taliant;Renault;789.000₺;Otomatik;Benzin;1 Lt;Önden Çekiş;90 Hp;Yok;Yok;3.11.2025;2022;28.444 km;Sedan;Füme;169 Km/h;628 Lt;Yok*;142;3;50;0 (Şİ) / 0 (ŞD);Yok*;Sağ Ön Çamurluk:Çizik, Ezik;Sağ Arka Çamurluk:Çizik;Sol Ön Çamurluk:Hasarlı;Sol Arka Çamurluk:Çizik;Sağ Marşpiye:Hasarlı"
Clio;Renault;785.000₺;Otomatik;Benzin;1 Lt;Önden Çekiş;90 Hp;Yok;Yok;21.04.2025;2022;22.638 km;Hatchback;Beyaz;175 Km/h;391 Lt;Yok*;142;3;42;6 (Şİ) / 4.4 (ŞD);Yok*;Sağ Ön Çamurluk:Boyalı;Arka Tampon:Çizik
Clio;Renault;773.000₺;Otomatik;Benzin;1 Lt;Önden Çekiş;90 Hp;Yok;Yok;19.02.2025;2022;33.352 km;Hatchback;Alev Kırmızısı;175 Km/h;391 Lt;Yok*;142;3;42;6 (Şİ) / 4.4 (ŞD);Yok*
Megane;Renault;899.000₺;Tiptronic;Benzin;1.3 Lt;Önden Çekiş;140 Hp;Yok;Yok;17.06.2025;2022;29.352 km;Sedan;Beyaz;205 Km/h;503 Lt;Yok*;240;4;50;6.3 (Şİ) / 4.5 (ŞD);Yok*
Megane;Renault;893.000₺;Tiptronic;Benzin;1.3 Lt;Önden Çekiş;140 Hp;Yok;Yok;14.04.2025;2022;36.100 km;Sedan;Beyaz;205 Km/h;503 Lt;Yok*;240;4;50;6.3 (Şİ) / 4.5 (ŞD);Yok*;Ön Tampon:Çizik;Sağ Ön Çamurluk:Çizik;Sağ Arka Kapı:Çizik;Sağ Arka Çamurluk:Boyalı;Arka Tampon:Boyalı, Çizik;Sağ Marşpiye:Lokal Boyalı"
Clio;Renault;868.000₺;Otomatik;Benzin;1 Lt;Önden Çekiş;90 Hp;Yok;Yok;8.04.2025;2022;37.190 km;Hatchback;Beyaz;175 Km/h;391 Lt;Yok*;142;3;42;6 (Şİ) / 4.4 (ŞD);Yok*;Ön Tampon:Çizik;Arka Tampon:Çizik
Clio;Renault;849.900₺;Otomatik;Benzin;1 Lt;Önden Çekiş;90 Hp;Yok;Yok;14.05.2025;2022;14.621 km;Hatchback;Beyaz;175 Km/h;391 Lt;Yok*;142;3;42;6 (Şİ) / 4.4 (ŞD);Yok*
Clio;Renault;840.000₺;Otomatik;Benzin;1 Lt;Önden Çekiş;90 Hp;Yok;Yok;29.09.2025;2022;12.705 km;Hatchback;Beyaz;175 Km/h;391 Lt;Yok*;142;3;42;6 (Şİ) / 4.4 (ŞD);Yok*;Bagaj:Ezik
Clio;Renault;830.000₺;Otomatik;Benzin;1 Lt;Önden Çekiş;90 Hp;Yok;Yok;8.04.2025;2022;17.545 km;Hatchback;Beyaz;175 Km/h;391 Lt;Yok*;142;3;42;6 (Şİ) / 4.4 (ŞD);Yok*
Clio;Renault;815.000₺;Otomatik;Benzin;1 Lt;Önden Çekiş;90 Hp;Yok;Yok;21.04.2025;2022;38.900 km;Hatchback;Cosmos Mavi;175 Km/h;391 Lt;Yok*;142;3;42;6 (Şİ) / 4.4 (ŞD);Yok*;Sağ Marşpiye:Boyalı
Taliant;Renault;800.000₺;Otomatik;Benzin;1 Lt;Önden Çekiş;90 Hp;Yok;Yok;9.06.2025;2022;35.486 km;Sedan;Beyaz;169 Km/h;628 Lt;Yok*;142;3;50;0 (Şİ) / 0 (ŞD);Yok*;Ön Tampon:Çizik;Sağ Arka Çamurluk:Çizik;Arka Tampon:Çizik;Bagaj:Çizik
Clio;Renault;799.000₺;Otomatik;Benzin;1 Lt;Önden Çekiş;90 Hp;Yok;Yok;16.06.2025;2022;30.559 km;Hatchback;Beyaz;175 Km/h;391 Lt;Yok*;142;3;42;6 (Şİ) / 4.4 (ŞD);Yok*;Ön Tampon:Boyalı;Arka Tampon:Boyalı;Sağ Marşpiye:Ezik
Taliant;Renault;789.000₺;Otomatik;Benzin;1 Lt;Önden Çekiş;90 Hp;Yok;Yok;3.11.2025;2022;28.444 km;Sedan;Füme;169 Km/h;628 Lt;Yok*;142;3;50;0 (Şİ) / 0 (ŞD);Yok*;Sağ Ön Çamurluk:Çizik, Ezik;Sağ Arka Çamurluk:Çizik;Sol Ön Çamurluk:Hasarlı;Sol Arka Çamurluk:Çizik;Sağ Marşpiye:Hasarlı"
Clio;Renault;785.000₺;Otomatik;Benzin;1 Lt;Önden Çekiş;90 Hp;Yok;Yok;21.04.2025;2022;22.638 km;Hatchback;Beyaz;175 Km/h;391 Lt;Yok*;142;3;42;6 (Şİ) / 4.4 (ŞD);Yok*;Sağ Ön Çamurluk:Boyalı;Arka Tampon:Çizik
Clio;Renault;773.000₺;Otomatik;Benzin;1 Lt;Önden Çekiş;90 Hp;Yok;Yok;19.02.2025;2022;33.352 km;Hatchback;Alev Kırmızısı;175 Km/h;391 Lt;Yok*;142;3;42;6 (Şİ) / 4.4 (ŞD);Yok*
Megane;Renault;960.000₺;Tiptronic;Benzin;1.3 Lt;Önden Çekiş;140 Hp;Yok;Yok;10.12.2025;2022;18.310 km;Sedan;Gri;205 Km/h;503 Lt;Yok*;240;4;50;6.3 (Şİ) / 4.5 (ŞD);Yok*
Megane;Renault;960.000₺;Tiptronic;Benzin;1.3 Lt;Önden Çekiş;140 Hp;Yok;Yok;8.11.2023;2022;16.716 km;Sedan;Beyaz;205 Km/h;503 Lt;Yok*;240;4;50;6.3 (Şİ) / 4.5 (ŞD);Yok*
Megane;Renault;960.000₺;Tiptronic;Benzin;1.3 Lt;Önden Çekiş;140 Hp;Yok;Yok;19.09.2024;2022;16.098 km;Sedan;Gri;205 Km/h;503 Lt;Yok*;240;4;50;6.3 (Şİ) / 4.5 (ŞD);Yok*;Ön Tampon:Çizik;Arka Tampon:Çizik
Megane;Renault;960.000₺;Tiptronic;Benzin;1.3 Lt;Önden Çekiş;140 Hp;Yok;Yok;16.12.2025;2022;16.965 km;Sedan;Gri;205 Km/h;503 Lt;Yok*;240;4;50;6.3 (Şİ) / 4.5 (ŞD);Yok*
Megane;Renault;960.000₺;Tiptronic;Benzin;1.3 Lt;Önden Çekiş;140 Hp;Yok;Yok;22.12.2025;2022;24.965 km;Sedan;Gri;205 Km/h;503 Lt;Yok*;240;4;50;6.3 (Şİ) / 4.5 (ŞD);Yok*
Megane;Renault;960.000₺;Tiptronic;Benzin;1.3 Lt;Önden Çekiş;140 Hp;Yok;Yok;24.03.2025;2022;47.245 km;Sedan;Beyaz;205 Km/h;503 Lt;Yok*;240;4;50;6.3 (Şİ) / 4.5 (ŞD);Yok*;Ön Tampon:Boyalı, Hasarlı;Sağ Ön Çamurluk:Lokal Boyalı;Arka Tampon:Çizik;Bagaj:Ezik;Sağ Marşpiye:Ezik;Sol Marşpiye:Ezik"
Megane;Renault;960.000₺;Tiptronic;Benzin;1.3 Lt;Önden Çekiş;140 Hp;Yok;Yok;12.10.2023;2022;38.858 km;Sedan;Gri;205 Km/h;503 Lt;Yok*;240;4;50;6.3 (Şİ) / 4.5 (ŞD);Yok*;Ön Tampon:Çizik;Arka Tampon:Çizik
Megane;Renault;960.000₺;Tiptronic;Benzin;1.3 Lt;Önden Çekiş;140 Hp;Yok;Yok;15.10.2025;2022;20.176 km;Sedan;Beyaz;205 Km/h;503 Lt;Yok*;240;4;50;6.3 (Şİ) / 4.5 (ŞD);Yok*;Kaput:Ezik;Arka Tampon:Çizik;Sağ Marşpiye:Ezik
Megane;Renault;960.000₺;Tiptronic;Benzin;1.3 Lt;Önden Çekiş;140 Hp;Yok;Yok;15.12.2025;2022;24.815 km;Sedan;Gri;205 Km/h;503 Lt;Yok*;240;4;50;6.3 (Şİ) / 4.5 (ŞD);Yok*
Megane;Renault;955.000₺;Tiptronic;Benzin;1.3 Lt;Önden Çekiş;140 Hp;Yok;Yok;18.12.2025;2022;17.530 km;Sedan;Beyaz;205 Km/h;503 Lt;Yok*;240;4;50;6.3 (Şİ) / 4.5 (ŞD);Yok*;Sağ Marşpiye:Boyalı
Megane;Renault;950.000₺;Tiptronic;Benzin;1.3 Lt;Önden Çekiş;140 Hp;Yok;Yok;15.09.2025;2022;17.450 km;Sedan;Beyaz;205 Km/h;503 Lt;Yok*;240;4;50;6.3 (Şİ) / 4.5 (ŞD);Yok*;Sağ Arka Çamurluk:Çizik;Sol Arka Kapı:Boyalı;Bagaj:Çizik
Megane;Renault;945.000₺;Tiptronic;Benzin;1.3 Lt;Önden Çekiş;140 Hp;Yok;Yok;18.09.2025;2022;13.372 km;Sedan;Beyaz;205 Km/h;503 Lt;Yok*;240;4;50;6.3 (Şİ) / 4.5 (ŞD);Yok*;Sağ Arka Kapı:Boyalı;Sağ Arka Çamurluk:Boyalı;Sağ Marşpiye:Boyalı
Clio;Renault;739.000₺;Otomatik;Benzin;1 Lt;Önden Çekiş;90 Hp;Yok;Yok;24.03.2025;2022;34.904 km;Hatchback;Kırmızı;175 Km/h;391 Lt;Yok*;142;3;42;6 (Şİ) / 4.4 (ŞD);Yok*;Sağ Ön Kapı:Çizik;Sağ Marşpiye:Hasarlı
Clio;Renault;726.900₺;Otomatik;Benzin;1 Lt;Önden Çekiş;90 Hp;Yok;Yok;24.03.2025;2022;42.258 km;Hatchback;Gri;175 Km/h;391 Lt;Yok*;142;3;42;6 (Şİ) / 4.4 (ŞD);Yok*;Sol Ön Çamurluk:Değişen
Taliant;Renault;720.000₺;Otomatik;Benzin;1 Lt;Önden Çekiş;90 Hp;Yok;Yok;13.01.2025;2022;34.346 km;Sedan;Mavi;169 Km/h;628 Lt;Yok*;142;3;50;0 (Şİ) / 0 (ŞD);Yok*
Taliant;Renault;700.000₺;Otomatik;Benzin;1 Lt;Önden Çekiş;90 Hp;Yok;Yok;20.09.2024;2022;17.670 km;Sedan;Beyaz;169 Km/h;628 Lt;Yok*;142;3;50;0 (Şİ) / 0 (ŞD);Yok*;Ön Tampon:Çizik;Sol Arka Çamurluk:Çizik;Arka Tampon:Çizik;Sağ Marşpiye:Boyalı
Taliant;Renault;700.000₺;Otomatik;Benzin;1 Lt;Önden Çekiş;90 Hp;Yok;Yok;10.11.2025;2022;19.818 km;Sedan;Beyaz;169 Km/h;628 Lt;Yok*;142;3;50;0 (Şİ) / 0 (ŞD);Yok*;Kaput:Ezik;Ön Tampon:Çizik;Sol Ön Kapı:Ezik;Arka Tampon:Çizik
Clio;Renault;690.000₺;Manuel;Benzin;1 Lt;Önden Çekiş;65 Hp;Yok;Yok;21.04.2025;2022;27.268 km;Hatchback;Alev Kırmızısı;160 Km/h;391 Lt;Yok*;95;3;42;6.2 (Şİ) / 4.1 (ŞD);Yok*
Clio;Renault;739.000₺;Otomatik;Benzin;1 Lt;Önden Çekiş;90 Hp;Yok;Yok;24.03.2025;2022;34.904 km;Hatchback;Kırmızı;175 Km/h;391 Lt;Yok*;142;3;42;6 (Şİ) / 4.4 (ŞD);Yok*;Sağ Ön Kapı:Çizik;Sağ Marşpiye:Hasarlı
Clio;Renault;726.900₺;Otomatik;Benzin;1 Lt;Önden Çekiş;90 Hp;Yok;Yok;24.03.2025;2022;42.258 km;Hatchback;Gri;175 Km/h;391 Lt;Yok*;142;3;42;6 (Şİ) / 4.4 (ŞD);Yok*;Sol Ön Çamurluk:Değişen
Taliant;Renault;720.000₺;Otomatik;Benzin;1 Lt;Önden Çekiş;90 Hp;Yok;Yok;13.01.2025;2022;34.346 km;Sedan;Mavi;169 Km/h;628 Lt;Yok*;142;3;50;0 (Şİ) / 0 (ŞD);Yok*
Taliant;Renault;700.000₺;Otomatik;Benzin;1 Lt;Önden Çekiş;90 Hp;Yok;Yok;20.09.2024;2022;17.670 km;Sedan;Beyaz;169 Km/h;628 Lt;Yok*;142;3;50;0 (Şİ) / 0 (ŞD);Yok*;Ön Tampon:Çizik;Sol Arka Çamurluk:Çizik;Arka Tampon:Çizik;Sağ Marşpiye:Boyalı
Taliant;Renault;700.000₺;Otomatik;Benzin;1 Lt;Önden Çekiş;90 Hp;Yok;Yok;10.11.2025;2022;19.818 km;Sedan;Beyaz;169 Km/h;628 Lt;Yok*;142;3;50;0 (Şİ) / 0 (ŞD);Yok*;Kaput:Ezik;Ön Tampon:Çizik;Sol Ön Kapı:Ezik;Arka Tampon:Çizik
Clio;Renault;690.000₺;Manuel;Benzin;1 Lt;Önden Çekiş;65 Hp;Yok;Yok;21.04.2025;2022;27.268 km;Hatchback;Alev Kırmızısı;160 Km/h;391 Lt;Yok*;95;3;42;6.2 (Şİ) / 4.1 (ŞD);Yok*
Clio;Renault;680.000₺;Manuel;Benzin;1 Lt;Önden Çekiş;65 Hp;Yok;Yok;31.03.2025;2022;27.512 km;Hatchback;Beyaz;160 Km/h;391 Lt;Yok*;95;3;42;6.2 (Şİ) / 4.1 (ŞD);Yok*
Clio;Renault;651.000₺;Manuel;Benzin;1 Lt;Önden Çekiş;65 Hp;Yok;Yok;16.05.2025;2022;33.646 km;Hatchback;Mavi;160 Km/h;391 Lt;Yok*;95;3;42;6.2 (Şİ) / 4.1 (ŞD);Yok*;Tavan:Ezik;Ön Tampon:Çizik;Sağ Arka Çamurluk:Çizik;Sol Arka Kapı:Ezik;Arka Tampon:Çizik;Sol Marşpiye:Hasarlı
Clio;Renault;644.000₺;Manuel;Benzin;1 Lt;Önden Çekiş;65 Hp;Yok;Yok;18.02.2025;2022;32.067 km;Hatchback;Beyaz;160 Km/h;391 Lt;Yok*;95;3;42;6.2 (Şİ) / 4.1 (ŞD);Yok*;Ön Tampon:Çizik
Clio;Renault;640.000₺;Manuel;Benzin;1 Lt;Önden Çekiş;65 Hp;Yok;Yok;31.03.2025;2022;31.589 km;Hatchback;Beyaz;160 Km/h;391 Lt;Yok*;95;3;42;6.2 (Şİ) / 4.1 (ŞD);Yok*;Ön Tampon:Boyalı, Hasarlı"
Clio;Renault;640.000₺;Manuel;Benzin;1 Lt;Önden Çekiş;65 Hp;Yok;Yok;19.02.2025;2022;25.584 km;Hatchback;Beyaz;160 Km/h;391 Lt;Yok*;95;3;42;6.2 (Şİ) / 4.1 (ŞD);Yok*;Ön Tampon:Çizik;Sağ Ön Kapı:Çizik, Ezik;Sağ Marşpiye:Çizik;Sol Marşpiye:Çizik"
Clio;Renault;639.000₺;Manuel;Benzin;1 Lt;Önden Çekiş;65 Hp;Yok;Yok;25.03.2025;2022;29.489 km;Hatchback;Beyaz;160 Km/h;391 Lt;Yok*;95;3;42;6.2 (Şİ) / 4.1 (ŞD);Yok*;Ön Tampon:Hasarlı;Arka Tampon:Çizik;Sağ Marşpiye:Hasarlı
Clio;Renault;629.750₺;Manuel;Benzin;1 Lt;Önden Çekiş;65 Hp;Yok;Yok;25.03.2025;2022;37.309 km;Hatchback;Kırmızı;160 Km/h;391 Lt;Yok*;95;3;42;6.2 (Şİ) / 4.1 (ŞD);Yok*
Clio;Renault;629.500₺;Manuel;Benzin;1 Lt;Önden Çekiş;65 Hp;Yok;Yok;8.04.2025;2022;34.359 km;Hatchback;Beyaz;160 Km/h;391 Lt;Yok*;95;3;42;6.2 (Şİ) / 4.1 (ŞD);Yok*
Clio;Renault;629.500₺;Manuel;Benzin;1 Lt;Önden Çekiş;65 Hp;Yok;Yok;21.04.2025;2022;40.922 km;Hatchback;Kırmızı;160 Km/h;391 Lt;Yok*;95;3;42;6.2 (Şİ) / 4.1 (ŞD);Yok*
Clio;Renault;629.500₺;Manuel;Benzin;1 Lt;Önden Çekiş;65 Hp;Yok;Yok;31.03.2025;2022;28.089 km;Hatchback;Beyaz;160 Km/h;391 Lt;Yok*;95;3;42;6.2 (Şİ) / 4.1 (ŞD);Yok*
Clio;Renault;609.000₺;Manuel;Benzin;1 Lt;Önden Çekiş;65 Hp;Yok;Yok;25.05.2025;2022;31.375 km;Hatchback;Beyaz;160 Km/h;391 Lt;Yok*;95;3;42;6.2 (Şİ) / 4.1 (ŞD);Yok*;Sağ Ön Çamurluk:Değişen;Sağ Ön Kapı:Değişen;Sağ Arka Kapı:Boyalı;Sağ Arka Çamurluk:Boyalı
Cayenne Coupe;Porsche;13.750.000₺;Tiptronic;Benzin;3 Lt;4x4;340 Hp;Yok;Yok;22.12.2025;2022;6.780 km;Arazi aracı;Metalik Ay Işığı Mavi;243 Km/h;592 Lt;Yok*;450;6;75;11.7 (Şİ) / 8.3 (ŞD);24
Panamera;Porsche;13.000.000₺;Tiptronic;Benzin;2.9 Lt;4x4;330 Hp;Yok;Yok;8.04.2025;2022;6.001 km;Hatchback;Siyah;268 Km/h;495 Lt;Yok*;450;6;75;11.6 (Şİ) / 7.1 (ŞD);24
Macan;Porsche;5.750.000₺;Tiptronic;Benzin;2 Lt;4x4;265 Hp;Yok;Yok;10.10.2025;2022;6.150 km;Arazi aracı;Beyaz;232 Km/h;488 Lt;Yok*;400;4;65;10.8 (Şİ) / 7.6 (ŞD);16
Macan;Porsche;5.099.000₺;Tiptronic;Benzin;2 Lt;4x4;265 Hp;Yok;Yok;3.03.2025;2022;6.320 km;Arazi aracı;Siyah;232 Km/h;488 Lt;Yok*;400;4;65;10.8 (Şİ) / 7.6 (ŞD);16;Kaput:Boyalı
3008;Peugeot;1.670.000₺;Tiptronic;Dizel;1.5 Lt;Önden Çekiş;130 Hp;Yok;Yok;15.12.2025;2022;9.086 km;Arazi aracı;Platınyum Gri;189 Km/h;520 Lt;Yok*;300;4;53;4.5 (Şİ) / 3.9 (ŞD);Yok*;Sağ Arka Kapı:Ezik
3008;Peugeot;1.625.000₺;Tiptronic;Dizel;1.5 Lt;Önden Çekiş;130 Hp;Yok;Yok;11.06.2025;2022;28.079 km;Arazi aracı;Kırmızı Siyah;189 Km/h;520 Lt;Yok*;300;4;53;4.4 (Şİ) / 3.7 (ŞD);Yok*
3008;Peugeot;1.449.000₺;Tiptronic;Dizel;1.5 Lt;Önden Çekiş;130 Hp;Yok;Yok;10.01.2025;2022;26.690 km;Arazi aracı;Gri;189 Km/h;520 Lt;Yok*;300;4;53;4.5 (Şİ) / 3.9 (ŞD);Yok*
3008;Peugeot;1.449.000₺;Tiptronic;Dizel;1.5 Lt;Önden Çekiş;130 Hp;Var;Yok;13.01.2025;2022;30.955 km;Arazi aracı;Gri;189 Km/h;520 Lt;Yok*;300;4;53;4.5 (Şİ) / 3.9 (ŞD);Yok*
508;Peugeot;1.399.900₺;Tiptronic;Dizel;1.5 Lt;Önden Çekiş;130 Hp;Yok;Yok;18.07.2025;2022;24.006 km;Hatchback;Beyaz (sedef);208 Km/h;487 Lt;Yok*;300;4;55;4.2 (Şİ) / 3.3 (ŞD);Yok*
2008;Peugeot;1.395.000₺;Tiptronic;Dizel;1.5 Lt;Önden Çekiş;130 Hp;Yok;Yok;14.07.2025;2022;30.070 km;Arazi aracı;Platınyum Gri;195 Km/h;434 Lt;Yok*;300;4;41;4.3 (Şİ) / 3.5 (ŞD);Yok*;Sol Ön Kapı:Çizik
2008;Peugeot;1.159.000₺;Tiptronic;Dizel;1.5 Lt;Önden Çekiş;130 Hp;Yok;Yok;4.03.2025;2022;40.961 km;Arazi aracı;Gri;195 Km/h;434 Lt;Yok*;300;4;41;4.3 (Şİ) / 3.5 (ŞD);Yok*
2008;Peugeot;1.125.900₺;Tiptronic;Dizel;1.5 Lt;Önden Çekiş;130 Hp;Yok;Yok;7.04.2025;2022;29.604 km;Arazi aracı;Turuncu;195 Km/h;434 Lt;Yok*;300;4;41;4.3 (Şİ) / 3.5 (ŞD);Yok*
2008;Peugeot;1.124.500₺;Tiptronic;Benzin;1.2 Lt;Önden Çekiş;130 Hp;Yok;Yok;20.01.2025;2022;35.549 km;Arazi aracı;Gri;198 Km/h;434 Lt;Yok*;230;3;44;5.8 (Şİ) / 4.2 (ŞD);12;Sağ Ön Çamurluk:Değişen
Mokka;Opel;1.194.000₺;Tiptronic;Benzin;1.2 Lt;Önden Çekiş;130 Hp;Yok;Yok;3.02.2025;2022;32.820 km;Arazi aracı;Yeşil Siyah;200 Km/h;350 Lt;Yok*;230;3;44;5.9 (Şİ) / 4.3 (ŞD);Yok*
Mokka;Opel;1.179.500₺;Tiptronic;Benzin;1.2 Lt;Önden Çekiş;130 Hp;Yok;Var;10.03.2025;2022;31.947 km;Arazi aracı;Kırmızı Siyah;200 Km/h;350 Lt;Yok*;230;3;44;5.9 (Şİ) / 4.3 (ŞD);Yok*;Sağ Ön Çamurluk:Boyalı;Sağ Ön Kapı:Boyalı;Sağ Arka Kapı:Boyalı;Sağ Arka Çamurluk:Boyalı
Mokka;Opel;1.109.500₺;Tiptronic;Benzin;1.2 Lt;Önden Çekiş;130 Hp;Yok;Yok;3.02.2025;2022;30.248 km;Arazi aracı;Gri Siyah;200 Km/h;350 Lt;Yok*;230;3;44;5.9 (Şİ) / 4.3 (ŞD);Yok*
Mokka;Opel;1.109.000₺;Tiptronic;Benzin;1.2 Lt;Önden Çekiş;130 Hp;Yok;Yok;3.02.2025;2022;33.173 km;Arazi aracı;Beyaz;200 Km/h;350 Lt;Yok*;230;3;44;5.9 (Şİ) / 4.3 (ŞD);Yok*
Crossland;Opel;981.500₺;Tiptronic;Dizel;1.5 Lt;Önden Çekiş;120 Hp;Yok;Yok;10.03.2025;2022;38.147 km;Arazi aracı;Gri Siyah;183 Km/h;410 Lt;Yok*;300;4;45;4.3 (Şİ) / 3.6 (ŞD);Yok*
Crossland;Opel;959.000₺;Tiptronic;Dizel;1.5 Lt;Önden Çekiş;120 Hp;Yok;Yok;16.07.2025;2022;28.560 km;Arazi aracı;Mavi Siyah;183 Km/h;410 Lt;Yok*;300;4;45;4.3 (Şİ) / 3.6 (ŞD);Yok*
Crossland;Opel;959.000₺;Tiptronic;Dizel;1.5 Lt;Önden Çekiş;120 Hp;Yok;Yok;7.03.2025;2022;30.716 km;Arazi aracı;Gri;183 Km/h;410 Lt;Yok*;300;4;45;4.3 (Şİ) / 3.6 (ŞD);Yok*
Crossland;Opel;959.000₺;Tiptronic;Dizel;1.5 Lt;Önden Çekiş;120 Hp;Yok;Yok;15.07.2025;2022;27.414 km;Arazi aracı;Mavi Siyah;183 Km/h;410 Lt;Yok*;300;4;45;4.3 (Şİ) / 3.6 (ŞD);Yok*
Crossland;Opel;949.000₺;Tiptronic;Benzin;1.2 Lt;Önden Çekiş;130 Hp;Yok;Yok;28.11.2025;2022;11.654 km;Arazi aracı;Amalfi Gri;198 Km/h;410 Lt;Yok*;230;3;45;5.9 (Şİ) / 4.4 (ŞD);Yok*;Kaput:Ezik;Sol Ön Kapı:Ezik;Arka Tampon:Çizik
Corsa;Opel;819.500₺;Tiptronic;Benzin;1.2 Lt;Önden Çekiş;100 Hp;Yok;Yok;15.09.2025;2022;31.102 km;Hatchback;Gri;192 Km/h;309 Lt;Yok*;205;3;44;5.1 (Şİ) / 3.9 (ŞD);Yok*;Sağ Ön Çamurluk:Çizik;Sağ Ön Kapı:Çizik;Sağ Arka Kapı:Çizik
Corsa;Opel;819.500₺;Tiptronic;Benzin;1.2 Lt;Önden Çekiş;100 Hp;Yok;Yok;8.12.2025;2022;31.432 km;Hatchback;Gri;192 Km/h;309 Lt;Yok*;205;3;44;5.1 (Şİ) / 3.9 (ŞD);Yok*
Corsa;Opel;818.000₺;Tiptronic;Benzin;1.2 Lt;Önden Çekiş;100 Hp;Yok;Yok;3.03.2025;2022;29.269 km;Hatchback;Gri;192 Km/h;309 Lt;Yok*;205;3;44;5.1 (Şİ) / 3.9 (ŞD);Yok*
Bayon;HYUNDAİ;819.900₺;Manuel;Benzin;1.4 Lt;Önden Çekiş;100 Hp;Var;Yok;18.06.2026;2022;33.115 km;Arazi aracı;Beyaz;176 Km/h;411 Lt;Yok*;134;4;40;0 (Şİ) / 0 (ŞD);Yok*;Sağ Arka Kapı:Hasarlı
I20;HYUNDAİ;808.000₺;Tiptronic;Benzin;1.4 Lt;Önden Çekiş;100 Hp;Yok;Yok;3.01.2025;2022;9.679 km;Hatchback;Beyaz;176 Km/h;352 Lt;Yok*;134;4;40;0 (Şİ) / 0 (ŞD);Yok*;Sol Ön Kapı:Hasarlı;Sol Arka Kapı:Hasarlı;Sol Arka Çamurluk:Hasarlı
Accord;Honda;1.700.000₺;Otomatik;Benzin;1.5 Lt;Önden Çekiş;190 Hp;Yok;Yok;3.03.2025;2022;40.720 km;Sedan;Gri;190 Km/h;Yok*;Yok*;260;4;56;0 (Şİ) / 0 (ŞD);Yok*;Ön Tampon:Hasarlı;Sağ Arka Kapı:Ezik;Arka Tampon:Çizik, Ezik;Sağ Marşpiye:Çizik;Sol Marşpiye:Çizik"
Accord;Honda;1.587.000₺;Otomatik;Benzin;1.5 Lt;Önden Çekiş;190 Hp;Yok;Yok;10.03.2025;2022;39.366 km;Sedan;Siyah;190 Km/h;Yok*;Yok*;260;4;56;0 (Şİ) / 0 (ŞD);Yok*;Ön Tampon:Boyalı, Çizik;Sağ Arka Kapı:Çizik;Sağ Arka Çamurluk:Çizik"
Accord;Honda;1.495.000₺;Otomatik;Benzin;1.5 Lt;Önden Çekiş;190 Hp;Yok;Yok;27.10.2025;2022;17.375 km;Sedan;Siyah;190 Km/h;Yok*;Yok*;260;4;56;0 (Şİ) / 0 (ŞD);Yok*
City;Honda;859.750₺;Multitronic;Benzin;1.5 Lt;Önden Çekiş;121 Hp;Yok;Yok;28.07.2025;2022;30.897 km;Sedan;Kırmızı;198 Km/h;519 Lt;Yok*;145;4;40;0 (Şİ) / 0 (ŞD);Yok*
Puma;Ford;1.205.000₺;Tiptronic;Benzin;1 Lt;Önden Çekiş;125 Hp;Yok;Yok;22.10.2023;2022;31.700 km;Arazi aracı;Beyaz;190 Km/h;456 Lt;Yok*;200;3;42;0 (Şİ) / 0 (ŞD);Yok*;Ön Tampon:Çizik;Bagaj:Ezik, Hasarlı"
Puma;Ford;1.119.900₺;Tiptronic;Benzin;1 Lt;Önden Çekiş;125 Hp;Yok;Yok;12.06.2025;2022;26.025 km;Arazi aracı;Beyaz;190 Km/h;456 Lt;Yok*;200;3;42;0 (Şİ) / 0 (ŞD);Yok*
Puma;Ford;1.040.000₺;Tiptronic;Benzin;1 Lt;Önden Çekiş;125 Hp;Yok;Yok;1.06.2025;2022;39.082 km;Arazi aracı;Beyaz;190 Km/h;456 Lt;Yok*;200;3;42;0 (Şİ) / 0 (ŞD);Yok*;Sağ Arka Kapı:Boyalı
Puma;Ford;985.000₺;Tiptronic;Benzin;1 Lt;Önden Çekiş;125 Hp;Yok;Yok;4.11.2025;2022;28.282 km;Arazi aracı;Beyaz;190 Km/h;456 Lt;Yok*;200;3;42;0 (Şİ) / 0 (ŞD);Yok*;Arka Tampon:Çizik;Bagaj:Ezik
Puma;Ford;960.000₺;Tiptronic;Benzin;1 Lt;Önden Çekiş;125 Hp;Yok;Yok;23.10.2023;2022;37.715 km;Arazi aracı;Beyaz;190 Km/h;456 Lt;Yok*;200;3;42;0 (Şİ) / 0 (ŞD);Yok*;Sağ Ön Çamurluk:Boyalı;Sağ Ön Kapı:Değişen
Tourneo Courier;Ford;765.000₺;Manuel;Dizel;1.5 Lt;Önden Çekiş;100 Hp;Yok;Yok;19.06.2025;2022;27.869 km;Cityvan;Buz Beyazı;Yok*;Yok*;Yok*;215;4;44;0 (Şİ) / 0 (ŞD);Yok*;Sağ Arka Çamurluk:Ezik
Qashqai;Nissan;1.495.000₺;Multitronic;Benzin;1.3 Lt;Önden Çekiş;158 Hp;Yok;Yok;10.02.2025;2022;6.050 km;Arazi aracı;Siyah;199 Km/h;424 Lt;Yok*;270;4;55;0 (Şİ) / 0 (ŞD);Yok*
Qashqai;Nissan;1.425.000₺;Multitronic;Benzin;1.3 Lt;Önden Çekiş;158 Hp;Yok;Yok;31.08.2023;2022;33.017 km;Arazi aracı;Beyaz;199 Km/h;479 Lt;Yok*;270;4;55;0 (Şİ) / 0 (ŞD);Yok*;Ön Tampon:Çizik
Cooper;MINI;1.427.000₺;Tiptronic;Benzin;1.5 Lt;Önden Çekiş;136 Hp;Yok;Yok;27.01.2025;2022;12.165 km;Hatchback;Gri Siyah;207 Km/h;278 Lt;Yok*;220;3;40;0 (Şİ) / 0 (ŞD);12
G-Serisi;Mercedes-Benz;17.000.000₺;Tiptronic;Benzin;4 Lt;4x4;585 Hp;Yok;Yok;7.07.2025;2022;6.001 km;Arazi aracı;Kırmızı;220 Km/h;667 Lt;Yok*;850;8;100;16.5 (Şİ) / 11.1 (ŞD);Yok*
E-Serisi;Mercedes-Benz;4.349.950₺;Tiptronic;Dizel;2 Lt;4x4;265 Hp;Yok;Yok;10.02.2025;2022;30.670 km;Sedan;Gri;250 Km/h;540 Lt;Yok*;550;4;66;7.5 (Şİ) / 4.6 (ŞD);Yok*
Sorento;KIA;2.800.000₺;Tiptronic;Benzin;1.6 Lt;4x4;230 Hp;Yok;Yok;24.04.2025;2022;11.000 km;Arazi aracı;Gri;193 Km/h;608 Lt;Yok*;350;4;67;6.2 (Şİ) / 6 (ŞD);Yok*
Ceed;KIA;1.090.000₺;Tiptronic;Dizel;1.6 Lt;Önden Çekiş;136 Hp;Yok;Yok;5.06.2025;2022;25.568 km;Hatchback;Kırmızı;200 Km/h;357 Lt;Yok*;320;4;50;0 (Şİ) / 0 (ŞD);Yok*;Arka Tampon:Değişen
Ceed;KIA;1.019.000₺;Tiptronic;Benzin;1 Lt;Önden Çekiş;120 Hp;Yok;Yok;26.05.2025;2022;17.774 km;Hatchback;İnci Beyazı;190 Km/h;357 Lt;Yok*;200;3;50;0 (Şİ) / 0 (ŞD);Yok*;Sağ Ön Çamurluk:Çizik, Ezik"
Bayon;HYUNDAİ;875.750₺;Manuel;Benzin;1.4 Lt;Önden Çekiş;100 Hp;Yok;Yok;12.06.2025;2022;34.138 km;Arazi aracı;Kırmızı;176 Km/h;411 Lt;Yok*;134;4;40;0 (Şİ) / 0 (ŞD);Yok*
I20;HYUNDAİ;855.000₺;Tiptronic;Benzin;1.4 Lt;Önden Çekiş;100 Hp;Yok;Yok;19.06.2025;2022;41.073 km;Hatchback;Beyaz;176 Km/h;352 Lt;Yok*;134;4;40;0 (Şİ) / 0 (ŞD);Yok*
Bayon;HYUNDAİ;819.900₺;Manuel;Benzin;1.4 Lt;Önden Çekiş;100 Hp;Var;Yok;18.06.2026;2022;34.600 km;Arazi aracı;Açık Bej;176 Km/h;411 Lt;Yok*;134;4;40;0 (Şİ) / 0 (ŞD);Yok*
I20;HYUNDAİ;819.900₺;Tiptronic;Benzin;1.4 Lt;Önden Çekiş;100 Hp;Var;Yok;18.06.2026;2022;32.270 km;Hatchback;Beyaz;176 Km/h;352 Lt;Yok*;134;4;40;0 (Şİ) / 0 (ŞD);Yok*;Ön Tampon:Çizik;Sol Arka Çamurluk:Boyalı;Arka Tampon:Çizik
Tourneo Courier;Ford;765.000₺;Manuel;Dizel;1.5 Lt;Önden Çekiş;100 Hp;Yok;Yok;11.06.2025;2022;27.393 km;Cityvan;Buz Beyazı;Yok*;Yok*;Yok*;215;4;44;0 (Şİ) / 0 (ŞD);Yok*
Tourneo Courier;Ford;745.000₺;Manuel;Dizel;1.5 Lt;Önden Çekiş;100 Hp;Yok;Yok;18.06.2026;2022;26.280 km;Cityvan;Beyaz;Yok*;Yok*;Yok*;215;4;44;0 (Şİ) / 0 (ŞD);Yok*;Ön Tampon:Çizik;Sağ Ön Kapı:Boyalı;Arka Tampon:Boyalı, Çizik"
Tourneo Courier;Ford;728.000₺;Manuel;Dizel;1.5 Lt;Önden Çekiş;100 Hp;Yok;Yok;31.05.2024;2022;30.893 km;Cityvan;Buz Beyazı;Yok*;Yok*;Yok*;215;4;44;0 (Şİ) / 0 (ŞD);Yok*
Tourneo Courier;Ford;715.000₺;Manuel;Dizel;1.5 Lt;Önden Çekiş;100 Hp;Yok;Yok;1.08.2024;2022;53.681 km;Cityvan;Buz Beyazı;Yok*;Yok*;Yok*;215;4;44;0 (Şİ) / 0 (ŞD);Yok*;Ön Tampon:Hasarlı
Tourneo Courier;Ford;708.000₺;Manuel;Dizel;1.5 Lt;Önden Çekiş;100 Hp;Yok;Yok;31.05.2024;2022;34.523 km;Cityvan;Buz Beyazı;Yok*;Yok*;Yok*;215;4;44;0 (Şİ) / 0 (ŞD);Yok*;Ön Tampon:Boyalı;Sol Ön Çamurluk:Boyalı;Sol Ön Kapı:Boyalı;Sol Arka Kapı:Boyalı;Sol Arka Çamurluk:Boyalı
Tourneo Courier;Ford;676.000₺;Manuel;Dizel;1.5 Lt;Önden Çekiş;100 Hp;Yok;Yok;3.07.2025;2022;32.211 km;Cityvan;Gri;Yok*;Yok*;Yok*;215;4;44;0 (Şİ) / 0 (ŞD);Yok*;Kaput:Değişen;Ön Tampon:Boyalı;Sol Ön Çamurluk:Değişen;Sol Arka Kapı:Boyalı;Sol Arka Çamurluk:Boyalı;Arka Tampon:Boyalı, Hasarlı"
Egea;Fiat;1.073.000₺;Tiptronic;Dizel;1.6 Lt;Önden Çekiş;130 Hp;Yok;Yok;22.10.2023;2022;11.334 km;Hatchback;Beyaz;200 Km/h;440 Lt;Yok*;320;4;50;0 (Şİ) / 0 (ŞD);Yok*
Egea;Fiat;1.073.000₺;Tiptronic;Dizel;1.6 Lt;Önden Çekiş;130 Hp;Yok;Yok;22.10.2023;2022;16.700 km;Hatchback;Beyaz;200 Km/h;440 Lt;Yok*;320;4;50;0 (Şİ) / 0 (ŞD);Yok*
Egea;Fiat;1.039.900₺;Tiptronic;Dizel;1.6 Lt;Önden Çekiş;130 Hp;Yok;Yok;23.05.2025;2022;43.433 km;Wagon;Beyaz;199 Km/h;550 Lt;Yok*;320;4;50;0 (Şİ) / 0 (ŞD);Yok*
Egea;Fiat;999.250₺;Tiptronic;Benzin;1.5 Lt;Önden Çekiş;130 Hp;Yok;Yok;1.09.2025;2022;33.787 km;Hatchback;Beyaz;202 Km/h;440 Lt;Yok*;240;4;50;0 (Şİ) / 0 (ŞD);Yok*
Egea;Fiat;960.000₺;Manuel;Dizel;1.2 Lt;Önden Çekiş;95 Hp;Yok;Yok;15.07.2025;2022;15.665 km;Sedan;Beyaz;184 Km/h;520 Lt;Yok*;200;4;50;0 (Şİ) / 0 (ŞD);Yok*;Ön Tampon:Lokal Boyalı;Sağ Arka Kapı:Ezik
Egea;Fiat;925.000₺;Tiptronic;Dizel;1.6 Lt;Önden Çekiş;130 Hp;Yok;Yok;10.11.2025;2022;14.095 km;Sedan;Beyaz;209 Km/h;520 Lt;Yok*;320;4;50;0 (Şİ) / 0 (ŞD);Yok*
Egea;Fiat;882.000₺;Tiptronic;Dizel;1.6 Lt;Önden Çekiş;130 Hp;Yok;Yok;15.09.2025;2022;33.971 km;Sedan;Gri;209 Km/h;520 Lt;Yok*;320;4;50;0 (Şİ) / 0 (ŞD);Yok*;Ön Tampon:Çizik;Sol Arka Kapı:Ezik;Arka Tampon:Hasarlı
Egea;Fiat;880.000₺;Tiptronic;Dizel;1.6 Lt;Önden Çekiş;130 Hp;Yok;Yok;22.10.2023;2022;22.509 km;Hatchback;Beyaz;200 Km/h;440 Lt;Yok*;320;4;50;0 (Şİ) / 0 (ŞD);Yok*;Ön Tampon:Çizik
Egea;Fiat;857.000₺;Tiptronic;Dizel;1.6 Lt;Önden Çekiş;130 Hp;Yok;Yok;25.03.2025;2022;56.166 km;Sedan;Beyaz;209 Km/h;520 Lt;Yok*;320;4;50;0 (Şİ) / 0 (ŞD);Yok*;Ön Tampon:Çizik;Arka Tampon:Hasarlı
Egea;Fiat;855.000₺;Tiptronic;Dizel;1.6 Lt;Önden Çekiş;130 Hp;Yok;Yok;25.03.2025;2022;52.295 km;Sedan;Beyaz;209 Km/h;520 Lt;Yok*;320;4;50;0 (Şİ) / 0 (ŞD);Yok*;Ön Tampon:Boyalı;Sağ Ön Çamurluk:Değişen;Sol Arka Kapı:Ezik;Arka Tampon:Çizik;Sağ Marşpiye:Ezik
Egea;Fiat;854.000₺;Tiptronic;Dizel;1.6 Lt;Önden Çekiş;130 Hp;Yok;Yok;16.09.2025;2022;35.706 km;Sedan;Mavi;209 Km/h;520 Lt;Yok*;320;4;50;0 (Şİ) / 0 (ŞD);Yok*;Ön Tampon:Çizik;Sağ Arka Çamurluk:Çizik;Arka Tampon:Boyalı;Bagaj:Boyalı;Sol Marşpiye:Ezik
Egea;Fiat;820.000₺;Manuel;Dizel;1.2 Lt;Önden Çekiş;95 Hp;Yok;Yok;18.06.2025;2022;40.135 km;Sedan;Beyaz;184 Km/h;520 Lt;Yok*;200;4;50;0 (Şİ) / 0 (ŞD);Yok*;Arka Tampon:Çizik;Sağ Marşpiye:Ezik
Egea;Fiat;795.000₺;Manuel;Dizel;1.2 Lt;Önden Çekiş;95 Hp;Yok;Yok;26.05.2025;2022;38.527 km;Sedan;Beyaz;184 Km/h;520 Lt;Yok*;200;4;50;0 (Şİ) / 0 (ŞD);Yok*;Sol Ön Çamurluk:Çizik
Egea;Fiat;789.900₺;Manuel;Benzin;1.4 Lt;Önden Çekiş;95 Hp;Var;Yok;18.06.2026;2022;38.100 km;Hatchback;Mavi;182 Km/h;440 Lt;Yok*;127;4;50;0 (Şİ) / 0 (ŞD);Yok*;Kaput:Boyalı;Sağ Ön Çamurluk:Boyalı
Egea;Fiat;785.000₺;Manuel;Benzin;1.4 Lt;Önden Çekiş;95 Hp;Yok;Yok;26.06.2025;2022;30.089 km;Sedan;Beyaz;186 Km/h;520 Lt;Yok*;127;4;45;0 (Şİ) / 0 (ŞD);Yok*;Sağ Arka Çamurluk:Boyalı;Sol Arka Çamurluk:Boyalı;Arka Tampon:Değişen;Bagaj:Değişen
Doblo Combi;Fiat;785.000₺;Manuel;Dizel;1.6 Lt;Önden Çekiş;120 Hp;Yok;Yok;27.02.2024;2022;33.865 km;Cityvan;Gri Füme;176 Km/h;Yok*;Yok*;320;4;60;0 (Şİ) / 0 (ŞD);Yok*
Egea;Fiat;780.000₺;Manuel;Dizel;1.2 Lt;Önden Çekiş;95 Hp;Yok;Yok;19.05.2025;2022;15.000 km;Sedan;Beyaz;184 Km/h;520 Lt;Yok*;200;4;50;0 (Şİ) / 0 (ŞD);Yok*
Egea;Fiat;779.500₺;Tiptronic;Dizel;1.6 Lt;Önden Çekiş;130 Hp;Yok;Yok;8.09.2025;2022;30.332 km;Sedan;Beyaz;209 Km/h;520 Lt;Yok*;320;4;50;0 (Şİ) / 0 (ŞD);Yok*
Egea;Fiat;775.750₺;Manuel;Dizel;1.2 Lt;Önden Çekiş;95 Hp;Yok;Yok;18.06.2026;2022;47.360 km;Sedan;Beyaz;184 Km/h;520 Lt;Yok*;200;4;50;0 (Şİ) / 0 (ŞD);Yok*
Egea;Fiat;769.950₺;Manuel;Benzin;1.4 Lt;Önden Çekiş;95 Hp;Yok;Yok;22.09.2025;2022;16.262 km;Sedan;Beyaz;186 Km/h;520 Lt;Yok*;127;4;45;0 (Şİ) / 0 (ŞD);Yok*
Egea;Fiat;769.900₺;Manuel;Benzin;1.4 Lt;Önden Çekiş;95 Hp;Var;Yok;24.06.2026;2022;46.069 km;Hatchback;Beyaz;182 Km/h;440 Lt;Yok*;127;4;50;0 (Şİ) / 0 (ŞD);Yok*
Egea;Fiat;769.500₺;Tiptronic;Dizel;1.6 Lt;Önden Çekiş;130 Hp;Yok;Yok;5.08.2025;2022;40.529 km;Sedan;Beyaz;209 Km/h;520 Lt;Yok*;320;4;50;0 (Şİ) / 0 (ŞD);Yok*
Egea;Fiat;769.000₺;Tiptronic;Dizel;1.6 Lt;Önden Çekiş;130 Hp;Yok;Yok;19.05.2025;2022;53.220 km;Sedan;Beyaz;209 Km/h;520 Lt;Yok*;320;4;50;0 (Şİ) / 0 (ŞD);Yok*
Egea;Fiat;767.000₺;Manuel;Dizel;1.2 Lt;Önden Çekiş;95 Hp;Yok;Yok;28.02.2025;2022;50.650 km;Sedan;Beyaz;184 Km/h;520 Lt;Yok*;200;4;50;0 (Şİ) / 0 (ŞD);Yok*;Ön Tampon:Çizik;Sol Arka Çamurluk:Ezik;Arka Tampon:Çizik, Ezik"
Egea;Fiat;760.000₺;Manuel;Benzin;1.4 Lt;Önden Çekiş;95 Hp;Yok;Yok;4.08.2024;2022;29.539 km;Sedan;Beyaz;186 Km/h;520 Lt;Yok*;127;4;45;0 (Şİ) / 0 (ŞD);Yok*;Ön Tampon:Çizik;Sol Ön Kapı:Çizik;Sol Arka Çamurluk:Çizik;Arka Tampon:Çizik;Sağ Marşpiye:Ezik
Egea;Fiat;742.500₺;Tiptronic;Dizel;1.6 Lt;Önden Çekiş;130 Hp;Yok;Var;13.06.2025;2022;31.219 km;Sedan;Beyaz;209 Km/h;520 Lt;Yok*;320;4;50;0 (Şİ) / 0 (ŞD);Yok*;Kaput:Boyalı;Ön Tampon:Boyalı;Sağ Ön Çamurluk:Değişen
Egea;Fiat;738.000₺;Manuel;Dizel;1.2 Lt;Önden Çekiş;95 Hp;Yok;Yok;28.04.2025;2022;35.700 km;Sedan;Beyaz;184 Km/h;520 Lt;Yok*;200;4;50;0 (Şİ) / 0 (ŞD);Yok*;Ön Tampon:Değişen;Sol Ön Çamurluk:Değişen;Arka Tampon:Hasarlı;Bagaj:Ezik;Sağ Marşpiye:Ezik;Sol Marşpiye:Boyalı
Egea;Fiat;737.000₺;Manuel;Dizel;1.2 Lt;Önden Çekiş;95 Hp;Yok;Yok;27.05.2025;2022;32.610 km;Sedan;Beyaz;184 Km/h;520 Lt;Yok*;200;4;50;0 (Şİ) / 0 (ŞD);Yok*;Ön Tampon:Çizik;Sağ Arka Çamurluk:Çizik, Ezik;Sol Arka Kapı:Ezik;Arka Tampon:Boyalı;Bagaj:Boyalı"
Egea;Fiat;737.000₺;Manuel;Dizel;1.2 Lt;Önden Çekiş;95 Hp;Yok;Yok;7.07.2025;2022;31.791 km;Sedan;Beyaz;184 Km/h;520 Lt;Yok*;200;4;50;0 (Şİ) / 0 (ŞD);Yok*;Ön Tampon:Değişen, Hasarlı;Sağ Arka Çamurluk:Ezik;Sağ Marşpiye:Ezik"
Egea;Fiat;735.000₺;Manuel;Benzin;1.4 Lt;Önden Çekiş;95 Hp;Yok;Yok;22.09.2025;2022;16.262 km;Sedan;Beyaz;186 Km/h;520 Lt;Yok*;127;4;45;0 (Şİ) / 0 (ŞD);Yok*
Egea;Fiat;735.000₺;Manuel;Benzin;1.4 Lt;Önden Çekiş;95 Hp;Yok;Yok;1.01.2025;2022;28.999 km;Sedan;Beyaz;186 Km/h;520 Lt;Yok*;127;4;45;0 (Şİ) / 0 (ŞD);Yok*;Sağ Ön Çamurluk:Ezik;Sol Ön Çamurluk:Ezik
Egea;Fiat;728.900₺;Manuel;Dizel;1.2 Lt;Önden Çekiş;95 Hp;Yok;Yok;13.06.2025;2022;15.825 km;Sedan;Beyaz;184 Km/h;520 Lt;Yok*;200;4;50;0 (Şİ) / 0 (ŞD);Yok*
Egea;Fiat;728.000₺;Manuel;Dizel;1.2 Lt;Önden Çekiş;95 Hp;Yok;Yok;24.02.2025;2022;55.813 km;Sedan;Beyaz;184 Km/h;520 Lt;Yok*;200;4;50;0 (Şİ) / 0 (ŞD);Yok*;Kaput:Lokal Boyalı;Ön Tampon:Değişen;Sağ Ön Çamurluk:Değişen;Sol Ön Çamurluk:Boyalı;Sol Ön Kapı:Boyalı;Arka Tampon:Çizik;Sağ Marşpiye:Hasarlı
Egea;Fiat;719.500₺;Manuel;Dizel;1.2 Lt;Önden Çekiş;95 Hp;Yok;Yok;16.06.2025;2022;30.545 km;Sedan;Beyaz;184 Km/h;520 Lt;Yok*;200;4;50;0 (Şİ) / 0 (ŞD);Yok*
Egea;Fiat;698.000₺;Manuel;Benzin;1.4 Lt;Önden Çekiş;95 Hp;Yok;Yok;15.09.2025;2022;29.063 km;Sedan;Mavi;186 Km/h;520 Lt;Yok*;127;4;45;0 (Şİ) / 0 (ŞD);Yok*;Ön Tampon:Hasarlı;Sol Arka Çamurluk:Çizik;Arka Tampon:Hasarlı;Sağ Marşpiye:Hasarlı
Egea;Fiat;679.500₺;Manuel;Dizel;1.2 Lt;Önden Çekiş;95 Hp;Yok;Yok;25.05.2025;2022;42.223 km;Sedan;Beyaz;184 Km/h;520 Lt;Yok*;200;4;50;0 (Şİ) / 0 (ŞD);Yok*
Egea;Fiat;679.500₺;Manuel;Dizel;1.2 Lt;Önden Çekiş;95 Hp;Yok;Yok;21.07.2025;2022;31.479 km;Sedan;Beyaz;184 Km/h;520 Lt;Yok*;200;4;50;0 (Şİ) / 0 (ŞD);Yok*
Egea;Fiat;679.500₺;Manuel;Dizel;1.2 Lt;Önden Çekiş;95 Hp;Yok;Yok;3.03.2025;2022;29.514 km;Sedan;Beyaz;184 Km/h;520 Lt;Yok*;200;4;50;0 (Şİ) / 0 (ŞD);Yok*;Sağ Marşpiye:Hasarlı
Egea;Fiat;679.500₺;Manuel;Dizel;1.2 Lt;Önden Çekiş;95 Hp;Yok;Yok;24.03.2025;2022;36.316 km;Sedan;Beyaz;184 Km/h;520 Lt;Yok*;200;4;50;0 (Şİ) / 0 (ŞD);Yok*;Sağ Marşpiye:Hasarlı
Fiorino;Fiat;675.000₺;Manuel;Dizel;1.2 Lt;Önden Çekiş;95 Hp;Yok;Yok;1.11.2023;2022;28.074 km;Cityvan;Beyaz;167 Km/h;Yok*;Yok*;200;4;45;0 (Şİ) / 0 (ŞD);Yok*
Duster;Dacia;1.175.000₺;Manuel;Dizel;1.5 Lt;4x4;115 Hp;Yok;Yok;9.12.2025;2022;31.840 km;Arazi aracı;Beyaz;175 Km/h;414 Lt;Yok*;260;4;50;0 (Şİ) / 0 (ŞD);Yok*;Arka Tampon:Boyalı
Duster;Dacia;967.000₺;Tiptronic;Benzin;1.3 Lt;Önden Çekiş;150 Hp;Yok;Yok;16.04.2025;2022;31.556 km;Arazi aracı;Beyaz;199 Km/h;478 Lt;Yok*;250;4;50;0 (Şİ) / 0 (ŞD);16
Duster;Dacia;960.000₺;Manuel;Benzin;1.3 Lt;4x4;150 Hp;Yok;Yok;23.05.2025;2022;23.631 km;Arazi aracı;Turuncu;198 Km/h;467 Lt;Yok*;250;4;50;7.3 (Şİ) / 5.5 (ŞD);Yok*;Kaput:Değişen;Ön Tampon:Değişen;Sağ Ön Çamurluk:Boyalı;Sol Ön Çamurluk:Değişen;Sol Ön Kapı:Boyalı
Sandero Stepway;Dacia;949.000₺;Otomatik;Benzin;1 Lt;Önden Çekiş;90 Hp;Yok;Yok;16.12.2025;2022;24.937 km;Hatchback;Beyaz;163 Km/h;410 Lt;Yok*;142;3;50;6 (Şİ) / 4.7 (ŞD);Yok*
Duster;Dacia;945.000₺;Tiptronic;Benzin;1.3 Lt;Önden Çekiş;150 Hp;Yok;Yok;18.06.2026;2022;30.024 km;Arazi aracı;Beyaz;199 Km/h;478 Lt;Yok*;250;4;50;0 (Şİ) / 0 (ŞD);16;Sağ Arka Kapı:Ezik;Sol Arka Çamurluk:Ezik;Arka Tampon:Çizik
Duster;Dacia;945.000₺;Tiptronic;Benzin;1.3 Lt;Önden Çekiş;150 Hp;Yok;Yok;24.03.2025;2022;31.331 km;Arazi aracı;Beyaz;199 Km/h;478 Lt;Yok*;250;4;50;0 (Şİ) / 0 (ŞD);16;Kaput:Çizik, Ezik;Arka Tampon:Çizik"
Duster;Dacia;945.000₺;Tiptronic;Benzin;1.3 Lt;Önden Çekiş;150 Hp;Yok;Yok;18.06.2025;2022;29.716 km;Arazi aracı;Beyaz;199 Km/h;478 Lt;Yok*;250;4;50;0 (Şİ) / 0 (ŞD);16;Sağ Ön Kapı:Çizik, Ezik;Sol Arka Çamurluk:Ezik;Arka Tampon:Çizik"
Sandero Stepway;Dacia;935.900₺;Otomatik;Benzin;1 Lt;Önden Çekiş;90 Hp;Yok;Yok;16.12.2025;2022;22.435 km;Hatchback;Beyaz;163 Km/h;410 Lt;Yok*;142;3;50;6 (Şİ) / 4.7 (ŞD);Yok*
Duster;Dacia;930.000₺;Tiptronic;Benzin;1.3 Lt;Önden Çekiş;150 Hp;Yok;Yok;15.04.2025;2022;31.063 km;Arazi aracı;Beyaz;199 Km/h;478 Lt;Yok*;250;4;50;0 (Şİ) / 0 (ŞD);16;Ön Tampon:Çizik;Sağ Arka Çamurluk:Çizik, Ezik"
Duster;Dacia;926.000₺;Tiptronic;Benzin;1.3 Lt;Önden Çekiş;150 Hp;Yok;Yok;7.04.2025;2022;32.049 km;Arazi aracı;Beyaz;199 Km/h;478 Lt;Yok*;250;4;50;0 (Şİ) / 0 (ŞD);16;Ön Tampon:Çizik;Sağ Arka Çamurluk:Hasarlı
Duster;Dacia;915.000₺;Tiptronic;Benzin;1.3 Lt;Önden Çekiş;150 Hp;Yok;Yok;16.04.2025;2022;33.938 km;Arazi aracı;Beyaz;199 Km/h;478 Lt;Yok*;250;4;50;0 (Şİ) / 0 (ŞD);16;Ön Tampon:Boyalı;Sol Ön Çamurluk:Değişen
Lodgy;Dacia;903.000₺;Manuel;Dizel;1.5 Lt;Önden Çekiş;115 Hp;Yok;Yok;3.06.2025;2022;27.131 km;MPV;Beyaz;185 Km/h;827 Lt;Yok*;260;4;50;4.8 (Şİ) / 3.8 (ŞD);8;Ön Tampon:Boyalı, Çizik;Sağ Marşpiye:Ezik"
Jogger;Dacia;900.000₺;Manuel;Benzin;1 Lt;Önden Çekiş;110 Hp;Yok;Yok;11.11.2025;2022;19.782 km;Wagon;Haki Yeşili;183 Km/h;160 Lt;Yok*;200;3;50;0 (Şİ) / 0 (ŞD);Yok*;Kaput:Çizik;Sol Arka Kapı:Çizik
Duster;Dacia;889.900₺;Tiptronic;Benzin;1.3 Lt;Önden Çekiş;150 Hp;Yok;Yok;15.04.2025;2022;31.930 km;Arazi aracı;Beyaz;199 Km/h;478 Lt;Yok*;250;4;50;0 (Şİ) / 0 (ŞD);16;Sol Ön Çamurluk:Boyalı;Sol Arka Çamurluk:Ezik
C3;Citroen;889.900₺;Tiptronic;Benzin;1.2 Lt;Önden Çekiş;110 Hp;Yok;Yok;4.03.2025;2022;52.250 km;Hatchback;Kırmızı Siyah;193 Km/h;300 Lt;Yok*;205;3;47;5.7 (Şİ) / 4.3 (ŞD);Yok*;Sol Arka Kapı:Boyalı;Sol Arka Çamurluk:Boyalı
C3;Citroen;884.500₺;Tiptronic;Benzin;1.2 Lt;Önden Çekiş;130 Hp;Yok;Yok;12.02.2025;2022;36.849 km;Arazi aracı;Gri;195 Km/h;410 Lt;Yok*;230;3;45;5.9 (Şİ) / 4.5 (ŞD);Yok*
C3;Citroen;884.500₺;Tiptronic;Benzin;1.2 Lt;Önden Çekiş;130 Hp;Yok;Yok;14.02.2025;2022;45.656 km;Arazi aracı;Beyaz;195 Km/h;410 Lt;Yok*;230;3;45;5.9 (Şİ) / 4.5 (ŞD);Yok*
C-ELYSEE;Citroen;799.750₺;Manuel;Dizel;1.5 Lt;Önden Çekiş;100 Hp;Yok;Yok;19.06.2025;2022;42.765 km;Sedan;Beyaz;191 Km/h;506 Lt;Yok*;250;4;50;4.3 (Şİ) / 3.3 (ŞD);Yok*
C-ELYSEE;Citroen;750.000₺;Manuel;Dizel;1.5 Lt;Önden Çekiş;100 Hp;Yok;Yok;11.06.2025;2022;43.352 km;Sedan;Beyaz;191 Km/h;506 Lt;Yok*;250;4;50;4.3 (Şİ) / 3.3 (ŞD);Yok*;Kaput:Ezik;Sağ Arka Çamurluk:Çizik;Arka Tampon:Çizik
C-ELYSEE;Citroen;734.500₺;Manuel;Dizel;1.5 Lt;Önden Çekiş;100 Hp;Yok;Yok;9.06.2025;2022;41.979 km;Sedan;Gri;191 Km/h;506 Lt;Yok*;250;4;50;4.3 (Şİ) / 3.3 (ŞD);Yok*
C-ELYSEE;Citroen;710.000₺;Manuel;Dizel;1.5 Lt;Önden Çekiş;100 Hp;Yok;Yok;14.02.2025;2022;49.553 km;Sedan;Beyaz Opak;191 Km/h;506 Lt;Yok*;250;4;50;4.3 (Şİ) / 3.3 (ŞD);Yok*
C-ELYSEE;Citroen;672.500₺;Manuel;Dizel;1.5 Lt;Önden Çekiş;100 Hp;Yok;Yok;7.04.2025;2022;33.537 km;Sedan;Gri;191 Km/h;506 Lt;Yok*;250;4;50;4.3 (Şİ) / 3.3 (ŞD);Yok*
C-ELYSEE;Citroen;669.500₺;Manuel;Dizel;1.5 Lt;Önden Çekiş;100 Hp;Yok;Yok;2.12.2025;2022;31.137 km;Sedan;Beyaz;191 Km/h;506 Lt;Yok*;250;4;50;4.3 (Şİ) / 3.3 (ŞD);Yok*
C-ELYSEE;Citroen;669.500₺;Manuel;Dizel;1.5 Lt;Önden Çekiş;100 Hp;Yok;Yok;7.04.2025;2022;30.439 km;Sedan;Beyaz;191 Km/h;506 Lt;Yok*;250;4;50;4.3 (Şİ) / 3.3 (ŞD);Yok*
C-ELYSEE;Citroen;639.900₺;Manuel;Dizel;1.5 Lt;Önden Çekiş;100 Hp;Yok;Yok;7.04.2025;2022;41.876 km;Sedan;Gri;191 Km/h;506 Lt;Yok*;250;4;50;4.3 (Şİ) / 3.3 (ŞD);Yok*;Sol Arka Kapı:Değişen
5 Serisi;BMW;3.350.000₺;Tiptronic;Benzin;1.6 Lt;Arkadan İtiş;170 Hp;Yok;Yok;30.06.2025;2022;8.334 km;Sedan;Metalik Mavi;226 Km/h;530 Lt;Yok*;250;4;68;8.6 (Şİ) / 6.2 (ŞD);Yok*;Ön Tampon:Ezik
Duster;Dacia;824.000₺;Manuel;Benzin;1 Lt;Önden Çekiş;90 Hp;Yok;Yok;12.05.2025;2022;32.328 km;Arazi aracı;Mercan Kırmızı;166 Km/h;478 Lt;Yok*;160;3;50;0 (Şİ) / 0 (ŞD);12;Sağ Arka Kapı:Çizik;Sol Ön Çamurluk:Ezik;Sol Arka Çamurluk:Ezik;Bagaj:Ezik
Duster;Dacia;811.000₺;Tiptronic;Benzin;1.3 Lt;Önden Çekiş;150 Hp;Yok;Yok;11.04.2025;2022;35.827 km;Arazi aracı;Beyaz;199 Km/h;478 Lt;Yok*;250;4;50;0 (Şİ) / 0 (ŞD);16;Ön Tampon:Boyalı;Arka Tampon:Çizik
Duster;Dacia;811.000₺;Tiptronic;Benzin;1.3 Lt;Önden Çekiş;150 Hp;Yok;Yok;14.04.2025;2022;32.385 km;Arazi aracı;Beyaz;199 Km/h;478 Lt;Yok*;250;4;50;0 (Şİ) / 0 (ŞD);16
Duster;Dacia;775.000₺;Tiptronic;Benzin;1.3 Lt;Önden Çekiş;150 Hp;Yok;Yok;23.05.2025;2022;33.512 km;Arazi aracı;Beyaz;199 Km/h;478 Lt;Yok*;250;4;50;0 (Şİ) / 0 (ŞD);16;Sağ Arka Çamurluk:Boyalı;Sol Arka Çamurluk:Ezik;Arka Tampon:Çizik;Bagaj:Ezik
Formentor;Cupra;1.719.000₺;Tiptronic;Benzin;1.5 Lt;Önden Çekiş;150 Hp;Yok;Yok;1.09.2025;2022;33.800 km;Arazi aracı;Metalik Kırmızı;203 Km/h;450 Lt;Yok*;250;4;50;6.6 (Şİ) / 5.1 (ŞD);Yok*;Arka Tampon:Çizik
Formentor;Cupra;1.675.000₺;Tiptronic;Benzin;1.5 Lt;Önden Çekiş;150 Hp;Yok;Yok;3.06.2025;2022;15.000 km;Arazi aracı;Koyu Mavi;203 Km/h;450 Lt;Yok*;250;4;50;6.6 (Şİ) / 5.1 (ŞD);Yok*
DS 9;Citroen;1.930.000₺;Tiptronic;Benzin;1.6 Lt;Önden Çekiş;225 Hp;Yok;Yok;6.03.2025;2022;14.805 km;Sedan;Siyah;236 Km/h;510 Lt;Yok*;300;4;60;7 (Şİ) / 4.9 (ŞD);16;Ön Tampon:Çizik;Sağ Ön Çamurluk:Lokal Boyalı;Sağ Ön Kapı:Boyalı;Sol Arka Kapı:Çizik;Arka Tampon:Çizik
DS 9;Citroen;1.839.000₺;Tiptronic;Benzin;1.6 Lt;Önden Çekiş;225 Hp;Yok;Yok;3.10.2025;2022;6.541 km;Sedan;Antrasit Mocca Siyah;236 Km/h;510 Lt;Yok*;300;4;60;7 (Şİ) / 4.9 (ŞD);Yok*
C5 Aircross;Citroen;1.470.000₺;Tiptronic;Dizel;1.5 Lt;Önden Çekiş;130 Hp;Yok;Yok;20.01.2025;2022;33.633 km;Arazi aracı;Mavi Siyah;189 Km/h;720 Lt;Yok*;300;4;53;4.5 (Şİ) / 3.9 (ŞD);Yok*
C3;Citroen;1.077.500₺;Tiptronic;Dizel;1.5 Lt;Önden Çekiş;120 Hp;Yok;Yok;18.06.2026;2022;51.018 km;Arazi aracı;Beyaz;179 Km/h;410 Lt;Yok*;300;4;45;4.4 (Şİ) / 3.8 (ŞD);Yok*;Sağ Arka Kapı:Ezik;Sağ Arka Çamurluk:Ezik
C4;Citroen;1.075.000₺;Tiptronic;Dizel;1.5 Lt;Önden Çekiş;130 Hp;Yok;Yok;7.07.2025;2022;52.500 km;Hatchback;Kırmızı;206 Km/h;380 Lt;Yok*;300;4;50;4.1 (Şİ) / 3.6 (ŞD);Yok*;Kaput:Lokal Boyalı
C3;Citroen;1.020.000₺;Tiptronic;Benzin;1.2 Lt;Önden Çekiş;130 Hp;Yok;Yok;29.12.2025;2022;8.083 km;Arazi aracı;Beyaz Opak;195 Km/h;410 Lt;Yok*;230;3;45;5.9 (Şİ) / 4.5 (ŞD);Yok*
X1;BMW;2.558.000₺;Tiptronic;Benzin;1.5 Lt;Önden Çekiş;136 Hp;Yok;Yok;29.09.2025;2022;14.082 km;Arazi aracı;Metalik Yeşil;203 Km/h;505 Lt;Yok*;220;3;61;0 (Şİ) / 0 (ŞD);12
A8;Audi;12.000.000₺;Tiptronic;Dizel;3 Lt;4x4;286 Hp;Yok;Yok;26.08.2025;2022;25.050 km;Sedan;Metalik Mitos Siyah;250 Km/h;505 Lt;Yok*;600;6;82;6.5 (Şİ) / 5.3 (ŞD);Yok*
A8;Audi;11.550.000₺;Tiptronic;Dizel;3 Lt;4x4;286 Hp;Yok;Yok;24.02.2025;2022;14.463 km;Sedan;Siyah;250 Km/h;505 Lt;Yok*;600;6;82;6.5 (Şİ) / 5.3 (ŞD);Yok*
A8;Audi;10.900.000₺;Tiptronic;Dizel;3 Lt;4x4;286 Hp;Yok;Yok;1.09.2025;2022;11.000 km;Sedan;Metalik Mitos Siyah;250 Km/h;505 Lt;Yok*;600;6;82;6.5 (Şİ) / 5.3 (ŞD);Yok*
A8;Audi;10.500.000₺;Tiptronic;Dizel;3 Lt;4x4;286 Hp;Yok;Yok;1.09.2025;2022;28.181 km;Sedan;Metalik Mitos Siyah;250 Km/h;505 Lt;Yok*;600;6;82;6.5 (Şİ) / 5.3 (ŞD);Yok*
E-TRON GT;Audi;8.700.000₺;Otomatik;Elektrik;0 Lt;4x4;598 Hp;Yok;Yok;27.10.2025;2022;10.750 km;Sedan;Mavi;250 Km/h;350 Lt;Yok*;830;Yok*;Yok*;0 (Şİ) / 0 (ŞD);Yok*
Q8;Audi;8.174.000₺;Tiptronic;Dizel;3 Lt;4x4;286 Hp;Yok;Yok;24.11.2025;2022;13.000 km;Arazi aracı;Mavi;245 Km/h;605 Lt;Yok*;600;6;85;7.1 (Şİ) / 6.4 (ŞD);Yok*
A7;Audi;5.650.000₺;Tiptronic;Dizel;2 Lt;4x4;204 Hp;Yok;Yok;19.05.2025;2022;13.500 km;Hatchback;Siyah;245 Km/h;535 Lt;Yok*;400;4;73;4.8 (Şİ) / 4.1 (ŞD);Yok*
A6;Audi;4.300.000₺;Tiptronic;Dizel;2 Lt;4x4;204 Hp;Yok;Yok;8.12.2025;2022;16.361 km;Sedan;Siyah;246 Km/h;530 Lt;Yok*;400;4;73;4.8 (Şİ) / 4.1 (ŞD);Yok*
A6;Audi;4.150.900₺;Tiptronic;Dizel;2 Lt;4x4;204 Hp;Yok;Yok;24.11.2025;2022;6.500 km;Sedan;Lacivert;246 Km/h;530 Lt;Yok*;400;4;73;4.8 (Şİ) / 4.1 (ŞD);Yok*
E-TRON;Audi;4.150.000₺;Otomatik;Elektrik;0 Lt;4x4;408 Hp;Yok;Yok;29.09.2025;2022;7.000 km;Arazi aracı;Beyaz;200 Km/h;596 Lt;Yok*;664;Yok*;Yok*;0 (Şİ) / 0 (ŞD);Yok*
E-TRON SPORTBACK;Audi;4.050.000₺;Otomatik;Elektrik;0 Lt;4x4;408 Hp;Yok;Yok;1.09.2025;2022;11.530 km;Arazi aracı;Mavi;200 Km/h;555 Lt;Yok*;664;Yok*;Yok*;0 (Şİ) / 0 (ŞD);Yok*
E-TRON;Audi;4.050.000₺;Otomatik;Elektrik;0 Lt;4x4;408 Hp;Yok;Yok;26.08.2025;2022;12.530 km;Arazi aracı;Gri;200 Km/h;596 Lt;Yok*;664;Yok*;Yok*;0 (Şİ) / 0 (ŞD);Yok*
A6;Audi;4.015.900₺;Tiptronic;Benzin;2 Lt;4x4;265 Hp;Yok;Yok;21.10.2022;2022;41.970 km;Sedan;Gri;250 Km/h;530 Lt;Yok*;370;4;73;8.8 (Şİ) / 5.5 (ŞD);Yok*
A6;Audi;3.920.000₺;Tiptronic;Dizel;2 Lt;4x4;204 Hp;Yok;Yok;15.12.2025;2022;8.200 km;Sedan;Metalik Mitos Siyah;246 Km/h;530 Lt;Yok*;400;4;73;4.8 (Şİ) / 4.1 (ŞD);Yok*
E-TRON;Audi;3.800.000₺;Otomatik;Elektrik;0 Lt;4x4;408 Hp;Yok;Yok;9.12.2025;2022;12.073 km;Arazi aracı;Gri;200 Km/h;596 Lt;Yok*;664;Yok*;Yok*;0 (Şİ) / 0 (ŞD);Yok*;Sağ Ön Kapı:Çizik;Sağ Arka Kapı:Çizik
A6;Audi;3.750.000₺;Tiptronic;Dizel;2 Lt;4x4;204 Hp;Yok;Yok;1.12.2025;2022;26.424 km;Sedan;Siyah;246 Km/h;530 Lt;Yok*;400;4;73;4.8 (Şİ) / 4.1 (ŞD);Yok*
A5;Audi;3.330.000₺;Tiptronic;Dizel;2 Lt;4x4;204 Hp;Yok;Yok;22.10.2023;2022;23.000 km;Hatchback;Metalik Navarra Mavi;210 Km/h;465 Lt;Yok*;400;4;58;5.4 (Şİ) / 3.9 (ŞD);Yok*
A5;Audi;2.920.000₺;Tiptronic;Dizel;2 Lt;4x4;204 Hp;Yok;Yok;24.11.2025;2022;48.586 km;Hatchback;Mavi;210 Km/h;465 Lt;Yok*;400;4;58;5.4 (Şİ) / 3.9 (ŞD);Yok*
A4;Audi;2.567.000₺;Tiptronic;Dizel;2 Lt;Önden Çekiş;204 Hp;Yok;Yok;12.12.2025;2022;10.000 km;Sedan;Siyah;210 Km/h;460 Lt;Yok*;400;4;58;5.3 (Şİ) / 3.9 (ŞD);Yok*;Sağ Arka Çamurluk:Çizik, Ezik"
Q3 Sportback;Audi;2.420.000₺;Tiptronic;Benzin;1.5 Lt;Önden Çekiş;150 Hp;Yok;Yok;24.03.2025;2022;30.603 km;Arazi aracı;Gri;204 Km/h;410 Lt;Yok*;250;4;58;7.1 (Şİ) / 5.2 (ŞD);Yok*;Sağ Arka Kapı:Boyalı
Q3;Audi;2.200.000₺;Tiptronic;Benzin;1.5 Lt;Önden Çekiş;150 Hp;Yok;Yok;22.10.2023;2022;21.000 km;Arazi aracı;Siyah;206 Km/h;410 Lt;Yok*;250;4;58;7.1 (Şİ) / 5.1 (ŞD);Yok*
A4;Audi;2.199.500₺;Tiptronic;Dizel;2 Lt;Önden Çekiş;204 Hp;Yok;Yok;24.02.2023;2022;39.889 km;Sedan;Siyah;210 Km/h;460 Lt;Yok*;400;4;58;5.3 (Şİ) / 3.9 (ŞD);Yok*;Sol Ön Çamurluk:Değişen;Sol Ön Kapı:Boyalı
Q3;Audi;2.196.000₺;Tiptronic;Benzin;1.5 Lt;Önden Çekiş;150 Hp;Yok;Yok;8.09.2025;2022;29.399 km;Arazi aracı;Metalik Mitos Siyah;206 Km/h;410 Lt;Yok*;250;4;58;7.1 (Şİ) / 5.1 (ŞD);Yok*;Ön Tampon:Çizik;Sağ Ön Çamurluk:Ezik;Sağ Arka Kapı:Ezik;Sağ Arka Çamurluk:Çizik;Arka Tampon:Çizik
Q3;Audi;2.195.000₺;Tiptronic;Benzin;1.5 Lt;Önden Çekiş;150 Hp;Yok;Yok;22.10.2023;2022;22.500 km;Arazi aracı;Siyah;206 Km/h;410 Lt;Yok*;250;4;58;7.1 (Şİ) / 5.1 (ŞD);Yok*;Ön Tampon:Ezik;Sağ Ön Kapı:Ezik
Q3;Audi;2.150.000₺;Tiptronic;Benzin;1.5 Lt;Önden Çekiş;150 Hp;Yok;Yok;22.09.2025;2022;11.319 km;Arazi aracı;Gri;206 Km/h;410 Lt;Yok*;250;4;58;7.1 (Şİ) / 5.1 (ŞD);Yok*;Sağ Ön Çamurluk:Değişen;Sağ Ön Kapı:Değişen;Sağ Arka Kapı:Boyalı;Sağ Arka Çamurluk:Boyalı;Arka Tampon:Boyalı
Q3;Audi;2.118.000₺;Tiptronic;Benzin;1.5 Lt;Önden Çekiş;150 Hp;Yok;Yok;11.03.2025;2022;19.936 km;Arazi aracı;Kırmızı;206 Km/h;410 Lt;Yok*;250;4;58;7.1 (Şİ) / 5.1 (ŞD);Yok*;Sağ Arka Çamurluk:Çizik
Q3;Audi;2.095.000₺;Tiptronic;Benzin;1.5 Lt;Önden Çekiş;150 Hp;Yok;Yok;30.06.2025;2022;35.462 km;Arazi aracı;Siyah;206 Km/h;410 Lt;Yok*;250;4;58;7.1 (Şİ) / 5.1 (ŞD);Yok*
A3;Audi;1.825.000₺;Tiptronic;Benzin;1.5 Lt;Önden Çekiş;150 Hp;Yok;Yok;21.04.2025;2022;7.896 km;Hatchback;Siyah;224 Km/h;380 Lt;Yok*;250;4;50;6.1 (Şİ) / 4.3 (ŞD);Yok*
A3;Audi;1.770.000₺;Tiptronic;Benzin;1.5 Lt;Önden Çekiş;150 Hp;Yok;Yok;8.12.2025;2022;18.893 km;Hatchback;Mavi;224 Km/h;380 Lt;Yok*;250;4;50;6.1 (Şİ) / 4.3 (ŞD);Yok*
Q2;Audi;1.750.000₺;Tiptronic;Benzin;1.5 Lt;Önden Çekiş;150 Hp;Yok;Yok;18.06.2026;2022;39.409 km;Arazi aracı;Mavi;218 Km/h;405 Lt;Yok*;250;4;50;5.9 (Şİ) / 4.6 (ŞD);Yok*;Sol Ön Kapı:Çizik
Q2;Audi;1.750.000₺;Tiptronic;Benzin;1.5 Lt;Önden Çekiş;150 Hp;Yok;Yok;27.10.2025;2022;8.845 km;Arazi aracı;Kırmızı;218 Km/h;405 Lt;Yok*;250;4;50;5.9 (Şİ) / 4.6 (ŞD);Yok*;Sol Ön Kapı:Ezik
Q2;Audi;1.745.000₺;Tiptronic;Benzin;1.5 Lt;Önden Çekiş;150 Hp;Yok;Yok;10.06.2025;2022;35.304 km;Arazi aracı;Kırmızı;218 Km/h;405 Lt;Yok*;250;4;50;5.9 (Şİ) / 4.6 (ŞD);Yok*;Sol Ön Kapı:Ezik
Q2;Audi;1.745.000₺;Tiptronic;Benzin;1.5 Lt;Önden Çekiş;150 Hp;Yok;Yok;11.06.2026;2022;50.595 km;Arazi aracı;Mavi;218 Km/h;405 Lt;Yok*;250;4;50;5.9 (Şİ) / 4.6 (ŞD);Yok*;Sağ Ön Kapı:Ezik;Sağ Arka Kapı:Hasarlı;Arka Tampon:Çizik
Q2;Audi;1.720.000₺;Tiptronic;Benzin;1.5 Lt;Önden Çekiş;150 Hp;Yok;Yok;10.09.2025;2022;16.084 km;Arazi aracı;Gri;218 Km/h;405 Lt;Yok*;250;4;50;5.9 (Şİ) / 4.6 (ŞD);Yok*;Ön Tampon:Çizik;Sol Arka Kapı:Boyalı;Arka Tampon:Çizik
A3;Audi;1.635.000₺;Tiptronic;Benzin;1 Lt;Önden Çekiş;110 Hp;Yok;Yok;12.02.2025;2022;6.500 km;Hatchback;Mavi;204 Km/h;380 Lt;Yok*;200;3;45;5.1 (Şİ) / 3.9 (ŞD);Yok*
Q2;Audi;1.610.000₺;Tiptronic;Benzin;1.5 Lt;Önden Çekiş;150 Hp;Yok;Yok;26.09.2025;2022;14.835 km;Arazi aracı;Mavi;218 Km/h;405 Lt;Yok*;250;4;50;5.9 (Şİ) / 4.6 (ŞD);Yok*
Q2;Audi;1.595.500₺;Tiptronic;Benzin;1.5 Lt;Önden Çekiş;150 Hp;Yok;Yok;19.05.2025;2022;60.044 km;Arazi aracı;Gri;218 Km/h;405 Lt;Yok*;250;4;50;5.9 (Şİ) / 4.6 (ŞD);Yok*
A3;Audi;1.595.000₺;Tiptronic;Benzin;1.5 Lt;Önden Çekiş;150 Hp;Yok;Yok;7.04.2025;2022;47.050 km;Sedan;Gri;232 Km/h;425 Lt;Yok*;250;4;50;5.8 (Şİ) / 4 (ŞD);Yok*
A3;Audi;1.562.000₺;Tiptronic;Benzin;1.5 Lt;Önden Çekiş;150 Hp;Yok;Yok;4.02.2025;2022;47.806 km;Sedan;Parlak Siyah;232 Km/h;425 Lt;Yok*;250;4;50;5.8 (Şİ) / 4 (ŞD);Yok*;Kaput:Çizik;Ön Tampon:Çizik;Sağ Ön Çamurluk:Ezik;Sağ Arka Çamurluk:Çizik;Sol Ön Çamurluk:Çizik;Arka Tampon:Çizik
A3;Audi;1.535.000₺;Tiptronic;Benzin;1.5 Lt;Önden Çekiş;150 Hp;Yok;Yok;14.02.2025;2022;40.635 km;Sedan;Parlak Siyah;232 Km/h;425 Lt;Yok*;250;4;50;5.8 (Şİ) / 4 (ŞD);Yok*;Ön Tampon:Hasarlı;Sağ Ön Çamurluk:Çizik, Ezik;Sağ Ön Kapı:Boyalı;Sağ Arka Çamurluk:Lokal Boyalı;Arka Tampon:Hasarlı;Sağ Marşpiye:Boyalı;Sol Marşpiye:Ezik"
A3;Audi;1.508.000₺;Tiptronic;Benzin;1.5 Lt;Önden Çekiş;150 Hp;Yok;Yok;1.02.2025;2022;32.660 km;Hatchback;Ibis Beyazı;224 Km/h;380 Lt;Yok*;250;4;50;5.9 (Şİ) / 4.1 (ŞD);Yok*;Kaput:Ezik;Ön Tampon:Çizik;Arka Tampon:Hasarlı
A3;Audi;1.470.000₺;Tiptronic;Benzin;1.5 Lt;Önden Çekiş;150 Hp;Yok;Yok;17.11.2025;2022;9.163 km;Sedan;Siyah;232 Km/h;425 Lt;Yok*;250;4;50;5.8 (Şİ) / 4 (ŞD);Yok*;Kaput:Değişen;Sol Ön Çamurluk:Değişen
A3;Audi;1.459.500₺;Tiptronic;Benzin;1.5 Lt;Önden Çekiş;150 Hp;Yok;Yok;3.02.2025;2022;36.385 km;Hatchback;Beyaz;224 Km/h;380 Lt;Yok*;250;4;50;5.9 (Şİ) / 4.1 (ŞD);Yok*
A3;Audi;1.452.000₺;Tiptronic;Benzin;1.5 Lt;Önden Çekiş;150 Hp;Yok;Yok;14.02.2025;2022;24.573 km;Hatchback;Parlak Siyah;224 Km/h;380 Lt;Yok*;250;4;50;5.9 (Şİ) / 4.1 (ŞD);Yok*;Sağ Arka Kapı:Hasarlı
A3;Audi;1.448.000₺;Tiptronic;Benzin;1.5 Lt;Önden Çekiş;150 Hp;Yok;Yok;15.03.2025;2022;29.469 km;Hatchback;Parlak Siyah;224 Km/h;380 Lt;Yok*;250;4;50;5.9 (Şİ) / 4.1 (ŞD);Yok*
A3;Audi;1.446.000₺;Tiptronic;Benzin;1.5 Lt;Önden Çekiş;150 Hp;Yok;Yok;3.02.2025;2022;30.467 km;Hatchback;Ibis Beyazı;224 Km/h;380 Lt;Yok*;250;4;50;5.9 (Şİ) / 4.1 (ŞD);Yok*;Ön Tampon:Çizik;Sağ Arka Kapı:Ezik;Sol Ön Kapı:Ezik;Arka Tampon:Çizik
A3;Audi;1.415.000₺;Tiptronic;Benzin;1.5 Lt;Önden Çekiş;150 Hp;Yok;Yok;18.02.2025;2022;31.558 km;Hatchback;Beyaz;224 Km/h;380 Lt;Yok*;250;4;50;5.9 (Şİ) / 4.1 (ŞD);Yok*
A3;Audi;1.400.000₺;Tiptronic;Benzin;1.5 Lt;Önden Çekiş;150 Hp;Var;Yok;24.02.2025;2022;31.569 km;Hatchback;Beyaz;224 Km/h;380 Lt;Yok*;250;4;50;5.9 (Şİ) / 4.1 (ŞD);Yok*;Sağ Arka Çamurluk:Boyalı;Arka Tampon:Değişen;Bagaj:Boyalı
A3;Audi;1.385.000₺;Tiptronic;Benzin;1.5 Lt;Önden Çekiş;150 Hp;Yok;Yok;1.03.2025;2022;68.790 km;Sedan;Parlak Siyah;232 Km/h;425 Lt;Yok*;250;4;50;5.8 (Şİ) / 4 (ŞD);Yok*;Kaput:Lokal Boyalı;Sağ Ön Çamurluk:Boyalı;Sol Ön Çamurluk:Değişen;Arka Tampon:Çizik;Sol Marşpiye:Boyalı
XC90;Volvo;4.099.990₺;Tiptronic;Dizel;2 Lt;4x4;235 Hp;Yok;Yok;28.08.2025;2021;58.200 km;Arazi aracı;Beyaz;180 Km/h;314 Lt;Yok*;480;4;71;0 (Şİ) / 0 (ŞD);16;Sağ Arka Çamurluk:Boyalı;Sol Ön Kapı:Lokal Boyalı;Sol Arka Kapı:Boyalı;Sol Arka Çamurluk:Boyalı
Touareg;Volkswagen;6.550.000₺;Tiptronic;Dizel;3 Lt;4x4;286 Hp;Yok;Yok;29.01.2024;2021;44.800 km;Arazi aracı;Yarış Mavisi;238 Km/h;810 Lt;Yok*;600;6;75;8.3 (Şİ) / 5.6 (ŞD);24;Sağ Ön Çamurluk:Boyalı
Passat;Volkswagen;1.959.900₺;Tiptronic;Benzin;1.5 Lt;Önden Çekiş;150 Hp;Yok;Yok;17.10.2023;2021;49.075 km;Sedan;Gri;220 Km/h;586 Lt;Yok*;250;4;59;6.6 (Şİ) / 4.3 (ŞD);16;Sağ Ön Çamurluk:Boyalı
Caravelle;Volkswagen;1.950.000₺;Tiptronic;Dizel;2 Lt;Önden Çekiş;204 Hp;Yok;Yok;18.03.2024;2021;65.776 km;Cityvan;Siyah;203 Km/h;Yok*;Yok*;450;4;70;7.5 (Şİ) / 5.8 (ŞD);16
Passat;Volkswagen;1.780.000₺;Tiptronic;Benzin;1.5 Lt;Önden Çekiş;150 Hp;Yok;Yok;21.06.2024;2021;18.664 km;Sedan;Gri;220 Km/h;586 Lt;Yok*;250;4;59;6.6 (Şİ) / 4.3 (ŞD);16
Passat;Volkswagen;1.547.500₺;Tiptronic;Benzin;1.5 Lt;Önden Çekiş;150 Hp;Yok;Yok;1.01.2024;2021;47.108 km;Sedan;Gri;220 Km/h;586 Lt;Yok*;250;4;59;6.6 (Şİ) / 4.3 (ŞD);16;Kaput:Çizik;Sağ Arka Kapı:Ezik
Passat;Volkswagen;1.528.000₺;Tiptronic;Benzin;1.5 Lt;Önden Çekiş;150 Hp;Yok;Yok;28.05.2024;2021;112.179 km;Sedan;Beyaz;220 Km/h;586 Lt;Yok*;250;4;59;6.6 (Şİ) / 4.3 (ŞD);16;Ön Tampon:Çizik;Sağ Ön Kapı:Çizik;Sağ Arka Kapı:Çizik, Ezik;Sağ Arka Çamurluk:Çizik, Ezik;Sol Arka Kapı:Çizik, Ezik;Sol Arka Çamurluk:Çizik, Ezik, Hasarlı;Arka Tampon:Çizik;Sol Marşpiye:Çizik"
Tiguan;Volkswagen;1.505.000₺;Tiptronic;Benzin;1.5 Lt;Önden Çekiş;150 Hp;Yok;Yok;9.11.2023;2021;96.451 km;Arazi aracı;Kahverengi;202 Km/h;615 Lt;Yok*;250;4;60;6.4 (Şİ) / 5.1 (ŞD);16;Ön Tampon:Çizik;Sağ Arka Çamurluk:Çizik;Arka Tampon:Çizik
Passat;Volkswagen;1.500.000₺;Tiptronic;Benzin;1.5 Lt;Önden Çekiş;150 Hp;Yok;Yok;20.05.2024;2021;48.647 km;Sedan;Beyaz;220 Km/h;586 Lt;Yok*;250;4;59;6.6 (Şİ) / 4.3 (ŞD);16;Ön Tampon:Değişen;Sağ Ön Çamurluk:Boyalı
Golf;Volkswagen;1.425.000₺;Tiptronic;Benzin;1.5 Lt;Önden Çekiş;150 Hp;Yok;Yok;12.02.2024;2021;23.422 km;Hatchback;Refleks Gümüş;224 Km/h;380 Lt;Yok*;250;4;52;5.7 (Şİ) / 3.7 (ŞD);16;Kaput:Değişen;Ön Tampon:Çizik;Sağ Ön Çamurluk:Boyalı;Sağ Ön Kapı:Boyalı;Sağ Arka Kapı:Boyalı;Sağ Arka Çamurluk:Çizik;Sol Ön Kapı:Çizik;Arka Tampon:Çizik
Passat;Volkswagen;1.350.000₺;Tiptronic;Benzin;1.5 Lt;Önden Çekiş;150 Hp;Yok;Yok;12.02.2024;2021;52.394 km;Sedan;Pirit Gümüş;220 Km/h;586 Lt;Yok*;250;4;59;6.6 (Şİ) / 4.3 (ŞD);16;Sol Ön Çamurluk:Değişen;Sol Ön Kapı:Değişen;Sol Arka Kapı:Boyalı;Sol Arka Çamurluk:Lokal Boyalı
Golf;Volkswagen;1.349.900₺;Tiptronic;Benzin;1.5 Lt;Önden Çekiş;150 Hp;Yok;Yok;10.06.2024;2021;31.692 km;Hatchback;Gri;224 Km/h;380 Lt;Yok*;250;4;52;5.7 (Şİ) / 3.7 (ŞD);16
Golf;Volkswagen;1.329.500₺;Tiptronic;Benzin;1 Lt;Önden Çekiş;110 Hp;Yok;Yok;17.04.2024;2021;30.041 km;Hatchback;Sarı;202 Km/h;380 Lt;Yok*;200;3;50;5 (Şİ) / 3.5 (ŞD);12
Golf;Volkswagen;1.270.000₺;Tiptronic;Benzin;1 Lt;Önden Çekiş;110 Hp;Yok;Yok;7.05.2024;2021;10.789 km;Hatchback;Yunus Gri;202 Km/h;380 Lt;Yok*;200;3;50;5 (Şİ) / 3.5 (ŞD);12;Ön Tampon:Çizik;Sağ Ön Kapı:Hasarlı;Sağ Arka Kapı:Hasarlı;Sağ Arka Çamurluk:Hasarlı;Arka Tampon:Çizik
Golf;Volkswagen;1.242.000₺;Tiptronic;Benzin;1 Lt;Önden Çekiş;110 Hp;Yok;Yok;8.07.2024;2021;29.755 km;Hatchback;Refleks Gümüş;202 Km/h;380 Lt;Yok*;200;3;50;5 (Şİ) / 3.5 (ŞD);12;Ön Tampon:Hasarlı;Sağ Ön Çamurluk:Çizik, Ezik;Sağ Ön Kapı:Çizik;Sağ Arka Kapı:Çizik;Sol Ön Çamurluk:Çizik;Arka Tampon:Çizik"
Golf;Volkswagen;1.238.000₺;Tiptronic;Benzin;1 Lt;Önden Çekiş;110 Hp;Yok;Yok;3.05.2024;2021;83.512 km;Hatchback;Siyah;202 Km/h;380 Lt;Yok*;200;3;50;5 (Şİ) / 3.5 (ŞD);12;Ön Tampon:Çizik;Sağ Ön Çamurluk:Çizik;Arka Tampon:Çizik
T-ROC;Volkswagen;1.233.000₺;Tiptronic;Benzin;1.5 Lt;Önden Çekiş;150 Hp;Yok;Yok;24.10.2024;2021;29.106 km;Arazi aracı;Parlak Kırmızı;205 Km/h;445 Lt;Yok*;250;4;50;5.9 (Şİ) / 4.4 (ŞD);16;Sağ Arka Kapı:Hasarlı;Sol Arka Çamurluk:Lokal Boyalı, Hasarlı;Arka Tampon:Boyalı;Bagaj:Lokal Boyalı"
Transporter;Volkswagen;1.230.000₺;Otomatik;Dizel;2 Lt;Önden Çekiş;150 Hp;Yok;Yok;30.11.2023;2021;10.000 km;Cityvan;Gri;181 Km/h;Yok*;Yok*;340;4;70;7.4 (Şİ) / 5.5 (ŞD);16
Golf;Volkswagen;1.179.500₺;Tiptronic;Benzin;1 Lt;Önden Çekiş;110 Hp;Yok;Yok;25.11.2024;2021;32.736 km;Hatchback;Gri;202 Km/h;380 Lt;Yok*;200;3;50;5 (Şİ) / 3.5 (ŞD);12
T-ROC;Volkswagen;1.175.000₺;Tiptronic;Benzin;1.5 Lt;Önden Çekiş;150 Hp;Yok;Yok;11.01.2024;2021;15.430 km;Arazi aracı;Kırmızı;205 Km/h;445 Lt;Yok*;250;4;50;5.9 (Şİ) / 4.4 (ŞD);16;Ön Tampon:Çizik;Sağ Ön Kapı:Ezik;Sağ Arka Kapı:Boyalı;Sağ Arka Çamurluk:Boyalı
T-ROC;Volkswagen;1.130.000₺;Tiptronic;Benzin;1.5 Lt;Önden Çekiş;150 Hp;Yok;Yok;10.10.2024;2021;49.561 km;Arazi aracı;Kırmızı;205 Km/h;445 Lt;Yok*;250;4;50;5.9 (Şİ) / 4.4 (ŞD);16;Sağ Ön Kapı:Değişen;Arka Tampon:Değişen
Golf;Volkswagen;1.118.000₺;Tiptronic;Benzin;1 Lt;Önden Çekiş;110 Hp;Yok;Yok;15.10.2024;2021;20.281 km;Hatchback;Beyaz;202 Km/h;380 Lt;Yok*;200;3;50;5 (Şİ) / 3.5 (ŞD);12;Ön Tampon:Değişen;Sol Ön Çamurluk:Boyalı;Sol Ön Kapı:Değişen;Sol Arka Çamurluk:Lokal Boyalı;Arka Tampon:Değişen;Bagaj:Boyalı;Sol Marşpiye:Ezik
Corolla;Toyota;1.044.000₺;Otomatik;Benzin;1.8 Lt;Önden Çekiş;122 Hp;Yok;Yok;1.04.2024;2021;59.584 km;Sedan;Kar Beyazı;180 Km/h;471 Lt;Yok*;Yok*;4;43;3.3 (Şİ) / 3.6 (ŞD);16;Ön Tampon:Değişen, Hasarlı;Sol Ön Çamurluk:Boyalı;Sol Ön Kapı:Boyalı;Arka Tampon:Çizik;Bagaj:Hasarlı"
Corolla;Toyota;1.034.000₺;Otomatik;Benzin;1.8 Lt;Önden Çekiş;122 Hp;Yok;Yok;3.06.2024;2021;75.248 km;Sedan;Kar Beyazı;180 Km/h;471 Lt;Yok*;Yok*;4;43;3.3 (Şİ) / 3.6 (ŞD);16;Ön Tampon:Çizik;Sol Ön Çamurluk:Boyalı;Sol Ön Kapı:Boyalı;Sol Arka Kapı:Boyalı;Arka Tampon:Boyalı;Sağ Marşpiye:Hasarlı
Corolla;Toyota;1.025.000₺;Otomatik;Benzin;1.8 Lt;Önden Çekiş;122 Hp;Yok;Yok;5.06.2024;2021;68.614 km;Sedan;Elmas Gümüş;180 Km/h;471 Lt;Yok*;Yok*;4;43;3.3 (Şİ) / 3.6 (ŞD);16;Ön Tampon:Çizik;Sağ Ön Kapı:Boyalı;Sağ Arka Kapı:Boyalı;Sol Ön Çamurluk:Hasarlı;Arka Tampon:Hasarlı;Sağ Marşpiye:Boyalı;Sol Marşpiye:Hasarlı
Corolla;Toyota;957.000₺;Multitronic;Benzin;1.5 Lt;Önden Çekiş;123 Hp;Yok;Yok;6.05.2024;2021;42.000 km;Sedan;Sarı;190 Km/h;471 Lt;Yok*;153;3;50;6.7 (Şİ) / 4.6 (ŞD);12
Corolla;Toyota;919.000₺;Multitronic;Benzin;1.5 Lt;Önden Çekiş;123 Hp;Yok;Yok;30.12.2024;2021;48.308 km;Sedan;Beyaz;190 Km/h;471 Lt;Yok*;153;3;50;6.7 (Şİ) / 4.6 (ŞD);12;Kaput:Boyalı;Sağ Ön Kapı:Değişen;Sağ Arka Kapı:Boyalı;Sağ Arka Çamurluk:Boyalı;Bagaj:Değişen
Kodiaq;Skoda;2.065.000₺;Tiptronic;Benzin;1.5 Lt;Önden Çekiş;150 Hp;Yok;Yok;10.12.2024;2021;42.940 km;Arazi aracı;Gri;205 Km/h;835 Lt;Yok*;250;4;58;7.2 (Şİ) / 5.2 (ŞD);16
Kodiaq;Skoda;1.875.000₺;Tiptronic;Benzin;1.5 Lt;Önden Çekiş;150 Hp;Yok;Yok;29.07.2024;2021;8.576 km;Arazi aracı;Siyah;202 Km/h;720 Lt;Yok*;250;4;58;7.3 (Şİ) / 5.3 (ŞD);16
Kodiaq;Skoda;1.861.000₺;Tiptronic;Benzin;1.5 Lt;Önden Çekiş;150 Hp;Yok;Yok;22.01.2024;2021;53.681 km;Arazi aracı;Beyaz;205 Km/h;835 Lt;Yok*;250;4;58;7.2 (Şİ) / 5.2 (ŞD);16;Ön Tampon:Çizik;Sağ Arka Çamurluk:Ezik;Arka Tampon:Çizik
Kodiaq;Skoda;1.799.000₺;Tiptronic;Benzin;1.5 Lt;Önden Çekiş;150 Hp;Yok;Yok;24.04.2024;2021;58.924 km;Arazi aracı;Business Gri;205 Km/h;835 Lt;Yok*;250;4;58;7.2 (Şİ) / 5.2 (ŞD);16;Ön Tampon:Çizik;Sağ Ön Kapı:Çizik;Sağ Arka Kapı:Boyalı, Çizik;Sol Arka Kapı:Boyalı;Sol Arka Çamurluk:Boyalı, Çizik"
Superb;Skoda;1.750.000₺;Tiptronic;Benzin;1.5 Lt;Önden Çekiş;150 Hp;Yok;Yok;18.10.2024;2021;23.000 km;Hatchback;Gri;220 Km/h;595 Lt;Yok*;250;4;66;6.8 (Şİ) / 4.7 (ŞD);16
Kodiaq;Skoda;1.720.000₺;Tiptronic;Benzin;1.5 Lt;Önden Çekiş;150 Hp;Yok;Yok;17.04.2024;2021;26.500 km;Arazi aracı;Gri;202 Km/h;720 Lt;Yok*;250;4;58;7.3 (Şİ) / 5.3 (ŞD);16
Kodiaq;Skoda;1.660.000₺;Tiptronic;Benzin;1.5 Lt;Önden Çekiş;150 Hp;Yok;Yok;8.04.2024;2021;72.300 km;Arazi aracı;Gri;205 Km/h;835 Lt;Yok*;250;4;58;7.2 (Şİ) / 5.2 (ŞD);16
Kodiaq;Skoda;1.624.000₺;Tiptronic;Benzin;1.5 Lt;Önden Çekiş;150 Hp;Yok;Yok;1.01.2024;2021;51.845 km;Arazi aracı;Ametist Gri;202 Km/h;720 Lt;Yok*;250;4;58;7.3 (Şİ) / 5.3 (ŞD);16;Kaput:Çizik;Ön Tampon:Çizik;Sol Arka Kapı:Boyalı;Sol Arka Çamurluk:Çizik;Arka Tampon:Çizik;Bagaj:Boyalı
Kodiaq;Skoda;1.542.000₺;Tiptronic;Benzin;1.5 Lt;Önden Çekiş;150 Hp;Yok;Yok;15.07.2024;2021;57.556 km;Arazi aracı;Mavi;205 Km/h;835 Lt;Yok*;250;4;58;7.2 (Şİ) / 5.2 (ŞD);16;Ön Tampon:Çizik;Sağ Ön Kapı:Çizik;Sağ Arka Kapı:Çizik;Sol Arka Çamurluk:Çizik
Superb;Skoda;1.538.000₺;Tiptronic;Benzin;1.5 Lt;Önden Çekiş;150 Hp;Yok;Yok;1.11.2024;2021;72.468 km;Hatchback;Gri;220 Km/h;595 Lt;Yok*;250;4;66;6.8 (Şİ) / 4.7 (ŞD);16;Ön Tampon:Çizik;Sağ Arka Çamurluk:Çizik, Ezik;Arka Tampon:Çizik;Bagaj:Çizik;Sağ Marşpiye:Ezik;Sol Marşpiye:Hasarlı"
Kodiaq;Skoda;1.480.000₺;Tiptronic;Benzin;1.5 Lt;Önden Çekiş;150 Hp;Var;Yok;24.05.2024;2021;44.403 km;Arazi aracı;Gri;202 Km/h;720 Lt;Yok*;250;4;58;7.3 (Şİ) / 5.3 (ŞD);16;Ön Tampon:Değişen;Sağ Ön Çamurluk:Boyalı;Sol Ön Çamurluk:Boyalı
Superb;Skoda;1.450.000₺;Tiptronic;Benzin;1.5 Lt;Önden Çekiş;150 Hp;Yok;Yok;8.11.2024;2021;16.317 km;Hatchback;Gri;220 Km/h;595 Lt;Yok*;250;4;66;6.8 (Şİ) / 4.7 (ŞD);16;Tavan:Çizik, Ezik;Kaput:Boyalı, Ezik;Ön Tampon:Değişen;Sağ Ön Çamurluk:Boyalı;Sağ Ön Kapı:Boyalı;Sol Ön Çamurluk:Boyalı;Sol Ön Kapı:Boyalı;Sol Arka Kapı:Çizik;Arka Tampon:Değişen;Bagaj:Ezik"
Karoq;Skoda;1.419.900₺;Tiptronic;Benzin;1.5 Lt;Önden Çekiş;150 Hp;Yok;Yok;11.03.2024;2021;22.940 km;Arazi aracı;Gri;207 Km/h;521 Lt;Yok*;250;4;50;6.7 (Şİ) / 4.8 (ŞD);16;Bagaj:Değişen
Karoq;Skoda;1.415.000₺;Tiptronic;Benzin;1.5 Lt;Önden Çekiş;150 Hp;Yok;Yok;7.06.2024;2021;66.094 km;Arazi aracı;Business Gri;207 Km/h;521 Lt;Yok*;250;4;50;6.7 (Şİ) / 4.8 (ŞD);16;Ön Tampon:Değişen;Sol Ön Çamurluk:Boyalı
Superb;Skoda;1.340.900₺;Tiptronic;Benzin;1.5 Lt;Önden Çekiş;150 Hp;Yok;Yok;5.02.2024;2021;86.714 km;Hatchback;Gri;220 Km/h;595 Lt;Yok*;250;4;66;6.8 (Şİ) / 4.7 (ŞD);16;Sol Arka Kapı:Boyalı;Sol Arka Çamurluk:Boyalı
Octavia;Skoda;1.330.000₺;Tiptronic;Benzin;1.5 Lt;Önden Çekiş;150 Hp;Yok;Yok;11.01.2024;2021;43.963 km;Hatchback;Mavi;230 Km/h;600 Lt;Yok*;250;4;45;5.9 (Şİ) / 4 (ŞD);16
Octavia;Skoda;1.287.500₺;Tiptronic;Benzin;1.5 Lt;Önden Çekiş;150 Hp;Yok;Yok;20.05.2024;2021;46.291 km;Hatchback;Mavi;230 Km/h;600 Lt;Yok*;250;4;45;5.9 (Şİ) / 4 (ŞD);16
Octavia;Skoda;1.284.500₺;Tiptronic;Benzin;1.5 Lt;Önden Çekiş;150 Hp;Yok;Yok;20.05.2024;2021;52.044 km;Hatchback;Mavi;230 Km/h;600 Lt;Yok*;250;4;45;5.9 (Şİ) / 4 (ŞD);16
Kamiq;Skoda;1.211.000₺;Tiptronic;Benzin;1 Lt;Önden Çekiş;110 Hp;Yok;Yok;23.12.2024;2021;61.470 km;Arazi aracı;Gümüş;198 Km/h;400 Lt;Yok*;200;3;50;5.8 (Şİ) / 4.1 (ŞD);12;Ön Tampon:Boyalı;Arka Tampon:Boyalı
C-HR;Toyota;1.189.900₺;Otomatik;Benzin;1.8 Lt;Önden Çekiş;122 Hp;Yok;Yok;8.04.2024;2021;72.895 km;Hatchback;Gri;170 Km/h;297 Lt;Yok*;Yok*;4;43;3.2 (Şİ) / 4.2 (ŞD);16;Sol Ön Kapı:Ezik
C-HR;Toyota;1.185.000₺;Otomatik;Benzin;1.8 Lt;Önden Çekiş;122 Hp;Yok;Yok;12.06.2024;2021;62.646 km;Hatchback;Mavi;170 Km/h;297 Lt;Yok*;Yok*;4;43;3.2 (Şİ) / 4.2 (ŞD);16;Sağ Arka Kapı:Çizik, Ezik;Sol Arka Kapı:Ezik;Arka Tampon:Boyalı;Bagaj:Boyalı;Sağ Marşpiye:Çizik"
C-HR;Toyota;1.179.900₺;Otomatik;Benzin;1.8 Lt;Önden Çekiş;122 Hp;Yok;Yok;6.06.2024;2021;77.000 km;Hatchback;Gri;170 Km/h;297 Lt;Yok*;Yok*;4;43;3.2 (Şİ) / 4.2 (ŞD);16;Tavan:Ezik;Sağ Ön Çamurluk:Boyalı;Sol Arka Çamurluk:Ezik
C-HR;Toyota;1.167.000₺;Otomatik;Benzin;1.8 Lt;Önden Çekiş;122 Hp;Yok;Yok;18.03.2024;2021;79.930 km;Hatchback;Metalik Gri;170 Km/h;297 Lt;Yok*;Yok*;4;43;3.2 (Şİ) / 4.2 (ŞD);16;Kaput:Ezik;Ön Tampon:Çizik;Sağ Arka Kapı:Çizik, Ezik;Arka Tampon:Çizik"
C-HR;Toyota;1.166.000₺;Otomatik;Benzin;1.8 Lt;Önden Çekiş;122 Hp;Yok;Yok;31.05.2024;2021;66.876 km;Hatchback;Metalik Gri;170 Km/h;297 Lt;Yok*;Yok*;4;43;3.2 (Şİ) / 4.2 (ŞD);16;Ön Tampon:Hasarlı;Sol Ön Kapı:Çizik;Sol Arka Kapı:Boyalı;Arka Tampon:Boyalı;Bagaj:Boyalı
C-HR;Toyota;1.165.000₺;Otomatik;Benzin;1.8 Lt;Önden Çekiş;122 Hp;Yok;Yok;25.03.2024;2021;43.396 km;Hatchback;Metalik Gri;170 Km/h;297 Lt;Yok*;Yok*;4;43;3.2 (Şİ) / 4.2 (ŞD);16;Sağ Ön Kapı:Çizik;Sağ Arka Kapı:Lokal Boyalı
C-HR;Toyota;1.164.000₺;Otomatik;Benzin;1.8 Lt;Önden Çekiş;122 Hp;Yok;Yok;15.04.2024;2021;63.661 km;Hatchback;Beyaz;170 Km/h;297 Lt;Yok*;Yok*;4;43;3.2 (Şİ) / 4.2 (ŞD);16;Ön Tampon:Çizik;Arka Tampon:Boyalı;Bagaj:Boyalı
C-HR;Toyota;1.150.000₺;Otomatik;Benzin;1.8 Lt;Önden Çekiş;122 Hp;Yok;Yok;5.06.2024;2021;72.269 km;Hatchback;Elmas Gümüş;170 Km/h;297 Lt;Yok*;Yok*;4;43;3.2 (Şİ) / 4.2 (ŞD);16;Sağ Arka Kapı:Boyalı;Sağ Arka Çamurluk:Boyalı;Arka Tampon:Boyalı
C-HR;Toyota;1.147.000₺;Otomatik;Benzin;1.8 Lt;Önden Çekiş;122 Hp;Yok;Yok;27.05.2024;2021;66.976 km;Hatchback;Metalik Gri;170 Km/h;297 Lt;Yok*;Yok*;4;43;3.2 (Şİ) / 4.2 (ŞD);16;Ön Tampon:Çizik;Sol Ön Çamurluk:Çizik;Sol Ön Kapı:Çizik;Arka Tampon:Çizik
C-HR;Toyota;1.100.000₺;Otomatik;Benzin;1.8 Lt;Önden Çekiş;122 Hp;Yok;Yok;21.05.2024;2021;67.750 km;Hatchback;Gri;170 Km/h;297 Lt;Yok*;Yok*;4;43;3.2 (Şİ) / 4.2 (ŞD);16
Corolla;Toyota;1.058.000₺;Otomatik;Benzin;1.8 Lt;Önden Çekiş;122 Hp;Yok;Yok;4.06.2024;2021;64.839 km;Sedan;Kar Beyazı;180 Km/h;471 Lt;Yok*;Yok*;4;43;3.3 (Şİ) / 3.6 (ŞD);16;Ön Tampon:Boyalı;Sağ Arka Kapı:Hasarlı;Sağ Arka Çamurluk:Hasarlı;Sol Ön Kapı:Boyalı;Sol Arka Kapı:Boyalı;Arka Tampon:Boyalı;Sol Marşpiye:Boyalı
Corolla;Toyota;1.053.000₺;Otomatik;Benzin;1.8 Lt;Önden Çekiş;122 Hp;Yok;Yok;10.07.2024;2021;83.826 km;Sedan;Kar Beyazı;180 Km/h;471 Lt;Yok*;Yok*;4;43;3.3 (Şİ) / 3.6 (ŞD);16;Ön Tampon:Çizik;Sol Ön Kapı:Çizik;Arka Tampon:Değişen;Sağ Marşpiye:Çizik
Megane;Renault;960.000₺;Tiptronic;Benzin;1.3 Lt;Önden Çekiş;140 Hp;Yok;Yok;8.11.2023;2022;16.716 km;Sedan;Beyaz;205 Km/h;503 Lt;Yok*;240;4;50;6.3 (Şİ) / 4.5 (ŞD);Yok*
Megane;Renault;960.000₺;Tiptronic;Benzin;1.3 Lt;Önden Çekiş;140 Hp;Yok;Yok;19.09.2024;2022;16.098 km;Sedan;Gri;205 Km/h;503 Lt;Yok*;240;4;50;6.3 (Şİ) / 4.5 (ŞD);Yok*;Ön Tampon:Çizik;Arka Tampon:Çizik
Megane;Renault;960.000₺;Tiptronic;Benzin;1.3 Lt;Önden Çekiş;140 Hp;Yok;Yok;16.12.2025;2022;16.965 km;Sedan;Gri;205 Km/h;503 Lt;Yok*;240;4;50;6.3 (Şİ) / 4.5 (ŞD);Yok*
Megane;Renault;960.000₺;Tiptronic;Benzin;1.3 Lt;Önden Çekiş;140 Hp;Yok;Yok;22.12.2025;2022;24.965 km;Sedan;Gri;205 Km/h;503 Lt;Yok*;240;4;50;6.3 (Şİ) / 4.5 (ŞD);Yok*
Megane;Renault;960.000₺;Tiptronic;Benzin;1.3 Lt;Önden Çekiş;140 Hp;Yok;Yok;24.03.2025;2022;47.245 km;Sedan;Beyaz;205 Km/h;503 Lt;Yok*;240;4;50;6.3 (Şİ) / 4.5 (ŞD);Yok*;Ön Tampon:Boyalı, Hasarlı;Sağ Ön Çamurluk:Lokal Boyalı;Arka Tampon:Çizik;Bagaj:Ezik;Sağ Marşpiye:Ezik;Sol Marşpiye:Ezik"
Megane;Renault;960.000₺;Tiptronic;Benzin;1.3 Lt;Önden Çekiş;140 Hp;Yok;Yok;12.10.2023;2022;38.858 km;Sedan;Gri;205 Km/h;503 Lt;Yok*;240;4;50;6.3 (Şİ) / 4.5 (ŞD);Yok*;Ön Tampon:Çizik;Arka Tampon:Çizik
Megane;Renault;960.000₺;Tiptronic;Benzin;1.3 Lt;Önden Çekiş;140 Hp;Yok;Yok;15.12.2025;2022;24.815 km;Sedan;Gri;205 Km/h;503 Lt;Yok*;240;4;50;6.3 (Şİ) / 4.5 (ŞD);Yok*
Megane;Renault;960.000₺;Tiptronic;Benzin;1.3 Lt;Önden Çekiş;140 Hp;Yok;Yok;15.10.2025;2022;23.076 km;Sedan;Beyaz;205 Km/h;503 Lt;Yok*;240;4;50;6.3 (Şİ) / 4.5 (ŞD);Yok*;Kaput:Ezik;Arka Tampon:Çizik;Sağ Marşpiye:Ezik
Megane;Renault;955.000₺;Tiptronic;Benzin;1.3 Lt;Önden Çekiş;140 Hp;Yok;Yok;18.12.2025;2022;17.530 km;Sedan;Beyaz;205 Km/h;503 Lt;Yok*;240;4;50;6.3 (Şİ) / 4.5 (ŞD);Yok*;Sağ Marşpiye:Boyalı
Megane;Renault;950.000₺;Tiptronic;Benzin;1.3 Lt;Önden Çekiş;140 Hp;Yok;Yok;15.09.2025;2022;17.450 km;Sedan;Beyaz;205 Km/h;503 Lt;Yok*;240;4;50;6.3 (Şİ) / 4.5 (ŞD);Yok*;Sağ Arka Çamurluk:Çizik;Sol Arka Kapı:Boyalı;Bagaj:Çizik
Megane;Renault;945.000₺;Tiptronic;Benzin;1.3 Lt;Önden Çekiş;140 Hp;Yok;Yok;18.09.2025;2022;13.372 km;Sedan;Beyaz;205 Km/h;503 Lt;Yok*;240;4;50;6.3 (Şİ) / 4.5 (ŞD);Yok*;Sağ Arka Kapı:Boyalı;Sağ Arka Çamurluk:Boyalı;Sağ Marşpiye:Boyalı
Megane;Renault;899.000₺;Tiptronic;Benzin;1.3 Lt;Önden Çekiş;140 Hp;Var;Yok;24.03.2025;2022;30.634 km;Sedan;Beyaz;205 Km/h;503 Lt;Yok*;240;4;50;6.3 (Şİ) / 4.5 (ŞD);Yok*
